108/2025/QH15	https://thuvienphapluat.vn/van-ban/Thue-Phi-Le-Phi/Luat-Quan-ly-thue-2025-so-108-2025-QH15-675268.aspx
65/2023/NĐ-CP	https://thuvienphapluat.vn/van-ban/So-huu-tri-tue/Nghi-dinh-65-2023-ND-CP-huong-dan-Luat-So-huu-tri-tue-so-huu-cong-nghiep-576846.aspx
20/2026/NĐ-CP	https://thuvienphapluat.vn/van-ban/Thuong-mai/Nghi-dinh-20-2026-ND-CP-huong-dan-Nghi-quyet-198-2025-QH15-chinh-sach-dac-biet-phat-trien-kinh-te-tu-nhan-673099.aspx
126/2020/NĐ-CP	https://thuvienphapluat.vn/van-ban/Thue-Phi-Le-Phi/Nghi-dinh-126-2020-ND-CP-huong-dan-Luat-Quan-ly-thue-455733.aspx
198/2025/QH15	https://thuvienphapluat.vn/van-ban/Doanh-nghiep/Nghi-quyet-198-2025-QH15-co-che-chinh-sach-dac-biet-phat-trien-kinh-te-tu-nhan-657148.aspx
644/QĐ-TTg	https://thuvienphapluat.vn/van-ban/Doanh-nghiep/Quyet-dinh-644-QD-TTg-2014-Ho-tro-doanh-nghiep-nho-vua-phat-trien-cum-lien-ket-nganh-nong-nghiep-228492.aspx
113/2024/NĐ-CP	https://thuvienphapluat.vn/van-ban/Doanh-nghiep/Nghi-dinh-113-2024-ND-CP-huong-dan-Luat-Hop-tac-xa-564191.aspx
68/2026/NĐ-CP	https://thuvienphapluat.vn/van-ban/Doanh-nghiep/Nghi-dinh-68-2026-ND-CP-chinh-sach-thue-va-quan-ly-thue-doi-voi-ho-kinh-doanh-ca-nhan-kinh-doanh-685358.aspx
55/2019/NĐ-CP	https://thuvienphapluat.vn/van-ban/Doanh-nghiep/Nghi-dinh-55-2019-ND-CP-ho-tro-phap-ly-cho-doanh-nghiep-nho-va-vua-384245.aspx
210/2025/NĐ-CP	https://thuvienphapluat.vn/van-ban/Doanh-nghiep/Nghi-dinh-210-2025-ND-CP-sua-doi-Nghi-dinh-38-2018-ND-CP-630031.aspx
268/2025/NĐ-CP	https://thuvienphapluat.vn/van-ban/Linh-vuc-khac/Nghi-dinh-268-2025-ND-CP-huong-dan-Luat-Khoa-hoc-cong-nghe-khuyen-khich-hoat-dong-khoa-hoc-677733.aspx
74-CP	https://thuvienphapluat.vn/van-ban/Doanh-nghiep/Nghi-dinh-74-CP-kinh-doanh-bao-hiem-de-bo-sung-dieu-quy-dinh-tai-Nghi-dinh-100-CP-40719.aspx
123/2020/NĐ-CP	https://thuvienphapluat.vn/van-ban/Ke-toan-Kiem-toan/Nghi-dinh-123-2020-ND-CP-quy-dinh-hoa-don-chung-tu-445980.aspx
394/QĐ-TTg	https://thuvienphapluat.vn/van-ban/Doanh-nghiep/Quyet-dinh-394-QD-TTg-khuyen-khich-dau-tu-xay-dung-moi-mo-rong-co-so-giet-mo-bao-quan-che-bien-gia-suc-gia-cam-va-co-so-chan-nuoi-tap-trung-CN-10700.aspx
1193/QĐ-TTg	https://thuvienphapluat.vn/van-ban/Linh-vuc-khac/Quyet-dinh-1193-QD-TTg-2015-thi-diem-chinh-sach-phat-trien-Vuon-uom-Cong-nghe-Viet-Nam-Han-284329.aspx
214/2025/NĐ-CP	https://thuvienphapluat.vn/van-ban/Dau-tu/Nghi-dinh-214-2025-ND-CP-huong-dan-Luat-Dau-thau-ve-lua-chon-nha-thau-668157.aspx
23/2015/NĐ-CP	https://thuvienphapluat.vn/van-ban/Dich-vu-phap-ly/Nghi-dinh-23-2015-ND-CP-cap-chung-thuc-ban-sao-tu-ban-chinh-chung-thuc-chu-ky-266857.aspx
173/2025/NĐ-CP	https://thuvienphapluat.vn/van-ban/Lao-dong-Tien-luong/Nghi-dinh-173-2025-ND-CP-hop-dong-thuc-hien-nhiem-vu-cua-cong-chuc-663213.aspx
111/2022/NĐ-CP	https://thuvienphapluat.vn/van-ban/Bo-may-hanh-chinh/Nghi-dinh-111-2022-ND-CP-hop-dong-mot-so-loai-cong-viec-trong-co-quan-hanh-chinh-510071.aspx
115/2020/NĐ-CP	https://thuvienphapluat.vn/van-ban/Bo-may-hanh-chinh/Nghi-dinh-115-2020-ND-CP-tuyen-dung-su-dung-quan-ly-vien-chuc-453968.aspx
148/2025/QH15	https://thuvienphapluat.vn/van-ban/Cong-nghe-thong-tin/Luat-Chuyen-doi-so-2025-so-148-2025-QH15-675262.aspx
274/2025/NĐ-CP	https://thuvienphapluat.vn/van-ban/Bao-hiem/Nghi-dinh-274-2025-ND-CP-huong-dan-Luat-Bao-hiem-xa-hoi-cham-tron-dong-bao-hiem-xa-hoi-653507.aspx
601/QĐ-TTg	https://thuvienphapluat.vn/van-ban/Bo-may-hanh-chinh/Quyet-dinh-601-QD-TTg-2026-trien-khai-Nghi-quyet-chinh-sach-nang-cao-hieu-qua-hoi-nhap-quoc-te-700524.aspx
90/2025/NĐ-CP	https://thuvienphapluat.vn/van-ban/Ke-toan-Kiem-toan/Nghi-dinh-90-2025-ND-CP-sua-doi-Nghi-dinh-17-2012-ND-CP-huong-dan-Luat-kiem-toan-doc-lap-651575.aspx
38/QĐ-TTg	https://thuvienphapluat.vn/van-ban/Bao-hiem/Quyet-dinh-38-QD-TTg-2024-Chien-luoc-phat-trien-nganh-Bao-hiem-xa-hoi-Viet-Nam-den-2030-595060.aspx
1726/QĐ-TTg	https://thuvienphapluat.vn/van-ban/Chung-khoan/Quyet-dinh-1726-QD-TTg-2023-Chien-luoc-phat-trien-thi-truong-chung-khoan-den-2030-592989.aspx
38/2018/NĐ-CP	https://thuvienphapluat.vn/van-ban/Doanh-nghiep/Nghi-dinh-38-2018-ND-CP-quy-dinh-chi-tiet-dau-tu-cho-doanh-nghiep-nho-va-vua-khoi-nghiep-sang-tao-377302.aspx
236/2006/QĐ-TTg	https://thuvienphapluat.vn/van-ban/Doanh-nghiep/Quyet-dinh-236-2006-QD-TTg-Ke-hoach-phat-trien-doanh-nghiep-nho-va-vua-5-nam-2006-2010-14748.aspx
15/2019/NĐ-CP	https://thuvienphapluat.vn/van-ban/Lao-dong-Tien-luong/Nghi-dinh-15-2019-ND-CP-huong-dan-Luat-giao-duc-nghe-nghiep-323393.aspx
76/2023/NĐ-CP	https://thuvienphapluat.vn/van-ban/Van-hoa-Xa-hoi/Nghi-dinh-76-2023-ND-CP-huong-dan-Luat-Phong-chong-bao-luc-gia-dinh-557470.aspx
87/2002/NĐ-CP	https://thuvienphapluat.vn/van-ban/Doanh-nghiep/Nghi-dinh-87-2002-ND-CP-hoat-dong-cung-ung-su-dung-dich-vu-tu-van-50170.aspx
29/2021/QĐ-TTg	https://thuvienphapluat.vn/van-ban/Dau-tu/Quyet-dinh-29-2021-QD-TTg-uu-dai-dau-tu-dac-biet-490496.aspx
749/QĐ-TTg	https://thuvienphapluat.vn/van-ban/Cong-nghe-thong-tin/Quyet-dinh-749-QD-TTg-2020-phe-duyet-Chuong-trinh-Chuyen-doi-so-quoc-gia-444136.aspx
193/2025/QH15	https://thuvienphapluat.vn/van-ban/Cong-nghe-thong-tin/Nghi-quyet-193-2025-QH15-thi-diem-co-che-dac-biet-tao-dot-pha-phat-trien-khoa-hoc-cong-nghe-644644.aspx
53/2011/NĐ-CP	https://thuvienphapluat.vn/van-ban/Thue-Phi-Le-Phi/Nghi-dinh-53-2011-ND-CP-huong-dan-Luat-Thue-su-dung-dat-phi-nong-nghiep-126042.aspx
136/2024/QH15	https://thuvienphapluat.vn/van-ban/Bo-may-hanh-chinh/Nghi-quyet-136-2024-QH15-to-chuc-chinh-quyen-do-thi-thanh-pho-Da-Nang-617422.aspx
844/QĐ-TTg	https://thuvienphapluat.vn/van-ban/Bao-hiem/Quyet-dinh-844-QD-TTg-2026-thuc-hien-bao-hiem-y-te-toan-dan-trong-giai-doan-moi-705594.aspx
236/2025/NĐ-CP	https://thuvienphapluat.vn/van-ban/Doanh-nghiep/Nghi-dinh-236-2025-ND-CP-huong-dan-Nghi-quyet-107-2023-QH15-thue-thu-nhap-doanh-nghiep-bo-sung-631519.aspx
12/2010/QĐ-TTg	https://thuvienphapluat.vn/van-ban/Doanh-nghiep/Quyet-dinh-12-2010-QD-TTg-gia-han-nop-thue-thu-nhap-doanh-nghiep-nham-tiep-tuc-thao-go-kho-khan-gop-phan-thuc-day-phat-trien-kinh-te-101330.aspx
128/2020/NĐ-CP	https://thuvienphapluat.vn/van-ban/Xuat-nhap-khau/Nghi-dinh-128-2020-ND-CP-xu-phat-vi-pham-hanh-chinh-trong-linh-vuc-hai-quan-426375.aspx
56/2024/QH15	https://thuvienphapluat.vn/van-ban/Thue-Phi-Le-Phi/Luat-sua-doi-Luat-Chung-khoan-Ke-toan-Ngan-sach-Nha-nuoc-Thue-thu-nhap-ca-nhan-2024-622318.aspx
117/2025/NĐ-CP	https://thuvienphapluat.vn/van-ban/Thuong-mai/Nghi-dinh-117-2025-ND-CP-quan-ly-thue-hoat-dong-kinh-doanh-tren-nen-tang-thuong-mai-dien-tu-641913.aspx
109/2025/QH15	https://thuvienphapluat.vn/van-ban/Thue-Phi-Le-Phi/Luat-Thue-thu-nhap-ca-nhan-2025-so-109-2025-QH15-665870.aspx
97/2018/NĐ-CP	https://thuvienphapluat.vn/van-ban/Tai-chinh-nha-nuoc/Nghi-dinh-97-2018-ND-CP-cho-vay-lai-von-vay-ODA-von-vay-uu-dai-nuoc-ngoai-369628.aspx
115/2024/NĐ-CP	https://thuvienphapluat.vn/van-ban/Dau-tu/Nghi-dinh-115-2024-ND-CP-huong-dan-Luat-Dau-thau-lua-chon-nha-dau-tu-du-an-dau-tu-co-su-dung-dat-606864.aspx
19/2026/NĐ-CP	https://thuvienphapluat.vn/van-ban/Dau-tu/Nghi-dinh-19-2026-ND-CP-trinh-tu-thu-tuc-tham-dinh-du-an-quan-trong-quoc-gia-danh-gia-dau-tu-689834.aspx
66/2025/QH15	https://thuvienphapluat.vn/van-ban/Thue-Phi-Le-Phi/Luat-thue-tieu-thu-dac-biet-2025-so-66-2025-QH15-621225.aspx
64/2020/QH14	https://thuvienphapluat.vn/van-ban/Dau-tu/Luat-Dau-tu-theo-hinh-thuc-doi-tac-cong-tu-so-64-2020-QH14-374160.aspx
74/2025/QH15	https://thuvienphapluat.vn/van-ban/Lao-dong-Tien-luong/Luat-Viec-lam-2025-so-74-2025-QH15-530912.aspx
08/2022/QH15	https://thuvienphapluat.vn/van-ban/Bao-hiem/Luat-Kinh-doanh-bao-hiem-2022-465916.aspx
54/2019/QH14	https://thuvienphapluat.vn/van-ban/Chung-khoan/Luat-Chung-khoan-nam-2019-399763.aspx
107/2016/QH13	https://thuvienphapluat.vn/van-ban/Xuat-nhap-khau/Luat-thue-xuat-khau-thue-nhap-khau-2016-280693.aspx
55/2010/QH12	https://thuvienphapluat.vn/van-ban/Thuong-mai/Luat-an-toan-thuc-pham-2010-108074.aspx
134/2025/QH15	https://thuvienphapluat.vn/van-ban/Cong-nghe-thong-tin/Luat-Tri-tue-nhan-tao-2025-so-134-2025-QH15-679013.aspx
133/2025/QH15	https://thuvienphapluat.vn/van-ban/Linh-vuc-khac/Luat-Cong-nghe-cao-2025-so-133-2025-QH15-675211.aspx
93/2025/QH15	https://thuvienphapluat.vn/van-ban/Linh-vuc-khac/Luat-Khoa-hoc-Cong-nghe-va-Doi-moi-sang-tao-2025-so-93-2025-QH15-581164.aspx
71/2025/QH15	https://thuvienphapluat.vn/van-ban/Cong-nghe-thong-tin/Luat-Cong-nghiep-cong-nghe-so-2025-so-71-2025-QH15-621341.aspx
142/2025/QH15	https://thuvienphapluat.vn/van-ban/Doanh-nghiep/Luat-Phuc-hoi-pha-san-2025-so-142-2025-QH15-675210.aspx
10/2022/QH15	https://thuvienphapluat.vn/van-ban/Quyen-dan-su/Luat-Thuc-hien-dan-chu-o-co-so-nam-2022-546085.aspx
50/2024/QH15	https://thuvienphapluat.vn/van-ban/Doanh-nghiep/Luat-Cong-doan-2024-445264.aspx
07/2017/QH14	https://thuvienphapluat.vn/van-ban/Thuong-mai/Luat-chuyen-giao-cong-nghe-2017-322937.aspx
05/2017/QH14	https://thuvienphapluat.vn/van-ban/Thuong-mai/Luat-Quan-ly-ngoai-thuong-2017-322219.aspx
54/2014/QH13	https://thuvienphapluat.vn/van-ban/Thuong-mai/Luat-Hai-quan-2014-238637.aspx
42/2019/QH14	https://thuvienphapluat.vn/van-ban/Bao-hiem/Luat-Kinh-doanh-bao-hiem-Luat-So-huu-tri-tue-sua-doi-2019-410871.aspx
131/2025/QH15	https://thuvienphapluat.vn/van-ban/So-huu-tri-tue/Luat-So-huu-tri-tue-sua-doi-2025-so-131-2025-QH15-675267.aspx
104/2016/QH13	https://thuvienphapluat.vn/van-ban/Bo-may-hanh-chinh/Luat-tiep-can-thong-tin-2016-280116.aspx
14/2022/QH15	https://thuvienphapluat.vn/van-ban/Tien-te-Ngan-hang/Luat-14-2022-QH15-Phong-chong-rua-tien-519327.aspx
67/2011/QH12	https://thuvienphapluat.vn/van-ban/Ke-toan-Kiem-toan/Luat-67-2011-QH12-kiem-toan-doc-lap-122184.aspx
111/2025/QH15	https://thuvienphapluat.vn/van-ban/Bao-hiem/Luat-Bao-hiem-tien-gui-2025-so-111-2025-QH15-667663.aspx
84/2025/QH15	https://thuvienphapluat.vn/van-ban/Bo-may-hanh-chinh/Luat-Thanh-tra-2025-so-84-2025-QH15-655378.aspx
65/2006/QH11	https://thuvienphapluat.vn/van-ban/Doanh-nghiep/Luat-luat-su-2006-65-2006-QH11-12981.aspx
76/2025/QH15	https://thuvienphapluat.vn/van-ban/Doanh-nghiep/Luat-Doanh-nghiep-sua-doi-2025-so-76-2025-QH15-659899.aspx
98/2023/QH15	https://thuvienphapluat.vn/van-ban/Bo-may-hanh-chinh/Nghi-quyet-98-2023-QH15-thi-diem-co-che-chinh-sach-dac-thu-phat-trien-Ho-Chi-Minh-571833.aspx
222/2025/QH15	https://thuvienphapluat.vn/van-ban/Tai-chinh-nha-nuoc/Nghi-quyet-222-2025-QH15-Trung-tam-tai-chinh-quoc-te-tai-Viet-Nam-663581.aspx
254/2025/QH15	https://thuvienphapluat.vn/van-ban/Bat-dong-san/Nghi-quyet-254-2025-QH15-chinh-sach-thao-go-kho-khan-trong-to-chuc-thi-hanh-Luat-Dat-dai-684580.aspx
259/2025/QH15	https://thuvienphapluat.vn/van-ban/Bo-may-hanh-chinh/Nghi-quyet-259-2025-QH15-sua-doi-Nghi-quyet-136-2024-QH15-chinh-sach-phat-trien-Da-Nang-686092.aspx
107/2023/QH15	https://thuvienphapluat.vn/van-ban/Doanh-nghiep/Nghi-quyet-107-2023-QH15-ap-dung-thue-thu-nhap-bo-sung-chong-xoi-mon-co-so-thue-toan-cau-578567.aspx
32/2012/QH13	https://thuvienphapluat.vn/van-ban/Tai-chinh-nha-nuoc/Nghi-quyet-32-2012-QH13-du-toan-ngan-sach-nha-nuoc-nam-2013-162607.aspx
15/NQ-CP	https://thuvienphapluat.vn/van-ban/Bo-may-hanh-chinh/Nghi-quyet-15-2026-NQ-CP-tam-ngung-hieu-luc-Nghi-dinh-46-2026-ND-CP-700564.aspx
160/NQ-CP	https://thuvienphapluat.vn/van-ban/Van-hoa-Xa-hoi/Nghi-quyet-160-NQ-CP-2021-Ke-hoach-thuc-hien-Chi-thi-05-CT-TW-giam-ngheo-ben-vung-498372.aspx
17/2023/NĐ-CP	https://thuvienphapluat.vn/van-ban/So-huu-tri-tue/Nghi-dinh-17-2023-ND-CP-huong-dan-Luat-So-huu-tri-tue-ve-quyen-tac-gia-quyen-lien-quan-565147.aspx
243/2025/NĐ-CP	https://thuvienphapluat.vn/van-ban/Dau-tu/Nghi-dinh-243-2025-ND-CP-huong-dan-Luat-Dau-tu-theo-phuong-thuc-doi-tac-cong-tu-672498.aspx
181/2025/NĐ-CP	https://thuvienphapluat.vn/van-ban/Thue-Phi-Le-Phi/Nghi-dinh-181-2025-ND-CP-huong-dan-Luat-Thue-gia-tri-gia-tang-646124.aspx
92/2024/NĐ-CP	https://thuvienphapluat.vn/van-ban/Doanh-nghiep/Nghi-dinh-92-2024-ND-CP-dang-ky-to-hop-tac-hop-tac-xa-lien-hiep-hop-tac-xa-589319.aspx
374/2025/NĐ-CP	https://thuvienphapluat.vn/van-ban/Bao-hiem/Nghi-dinh-374-2025-ND-CP-huong-dan-Luat-Viec-lam-ve-bao-hiem-that-nghiep-688344.aspx
158/2025/NĐ-CP	https://thuvienphapluat.vn/van-ban/Bao-hiem/Nghi-dinh-158-2025-ND-CP-huong-dan-Luat-Bao-hiem-xa-hoi-ve-bao-hiem-xa-hoi-bat-buoc-634792.aspx
157/2025/NĐ-CP	https://thuvienphapluat.vn/van-ban/Bao-hiem/Nghi-dinh-157-2025-ND-CP-huong-dan-Luat-Bao-hiem-xa-hoi-ve-bao-hiem-xa-hoi-bat-buoc-quan-nhan-662578.aspx
55/2024/NĐ-CP	https://thuvienphapluat.vn/van-ban/Thuong-mai/Nghi-dinh-55-2024-ND-CP-huong-dan-Luat-Bao-ve-quyen-loi-nguoi-tieu-dung-610488.aspx
102/2024/NĐ-CP	https://thuvienphapluat.vn/van-ban/Bat-dong-san/Nghi-dinh-102-2024-ND-CP-huong-dan-Luat-Dat-dai-603982.aspx
08/2022/NĐ-CP	https://thuvienphapluat.vn/van-ban/Tai-nguyen-Moi-truong/Nghi-dinh-08-2022-ND-CP-huong-dan-Luat-Bao-ve-moi-truong-479457.aspx
98/2020/NĐ-CP	https://thuvienphapluat.vn/van-ban/Thuong-mai/Nghi-dinh-98-2020-ND-CP-xu-phat-vi-pham-hanh-chinh-hoat-dong-san-xuat-buon-ban-hang-gia-406627.aspx
24/2025/NĐ-CP	https://thuvienphapluat.vn/van-ban/Thuong-mai/Nghi-dinh-24-2025-ND-CP-sua-doi-Nghi-dinh-98-2020-ND-CP-xu-phat-hanh-chinh-hoat-dong-thuong-mai-644186.aspx
99/2013/NĐ-CP	https://thuvienphapluat.vn/van-ban/So-huu-tri-tue/Nghi-dinh-99-2013-ND-CP-xu-phat-vi-pham-hanh-chinh-so-huu-cong-nghiep-205677.aspx
41/2018/NĐ-CP	https://thuvienphapluat.vn/van-ban/Ke-toan-Kiem-toan/Nghi-dinh-41-2018-ND-CP-quy-dinh-xu-phat-vi-pham-hanh-chinh-trong-linh-vuc-ke-toan-363484.aspx
96/2024/NĐ-CP	https://thuvienphapluat.vn/van-ban/Thuong-mai/Nghi-dinh-96-2024-ND-CP-huong-dan-Luat-Kinh-doanh-bat-dong-san-600395.aspx
153/2020/NĐ-CP	https://thuvienphapluat.vn/van-ban/Chung-khoan/Nghi-dinh-153-2020-ND-CP-chao-ban-giao-dich-trai-phieu-doanh-nghiep-tai-thi-truong-trong-nuoc-461187.aspx
155/2020/NĐ-CP	https://thuvienphapluat.vn/van-ban/Chung-khoan/Nghi-dinh-155-2020-ND-CP-huong-dan-Luat-Chung-khoan-461323.aspx
95/2020/NĐ-CP	https://thuvienphapluat.vn/van-ban/Thuong-mai/Nghi-dinh-09-2022-ND-CP-sua-doi-Nghi-dinh-95-2020-ND-CP-huong-dan-dau-thau-mua-sam-500254.aspx
18/2026/NĐ-CP	https://thuvienphapluat.vn/van-ban/Bo-may-hanh-chinh/Nghi-dinh-18-2026-ND-CP-sua-doi-Nghi-dinh-cat-giam-thu-tuc-hanh-chinh-thuoc-Bo-Tu-phap-689723.aspx
70/2025/NĐ-CP	https://thuvienphapluat.vn/van-ban/Thue-Phi-Le-Phi/Nghi-dinh-70-2025-ND-CP-sua-doi-Nghi-dinh-123-2020-ND-CP-hoa-don-chung-tu-577816.aspx
79/2023/NĐ-CP	https://thuvienphapluat.vn/van-ban/So-huu-tri-tue/Nghi-dinh-79-2023-ND-CP-huong-dan-Luat-So-huu-tri-tue-quyen-doi-voi-giong-cay-trong-586871.aspx
46/2020/NĐ-CP	https://thuvienphapluat.vn/van-ban/Xuat-nhap-khau/Nghi-dinh-46-2020-ND-CP-thu-tuc-hai-quan-doi-voi-hang-hoa-qua-canh-thong-qua-He-thong-qua-canh-439441.aspx
39/2016/NĐ-CP	https://thuvienphapluat.vn/van-ban/Lao-dong-Tien-luong/Nghi-dinh-39-2016-ND-CP-huong-dan-Luat-an-toan-ve-sinh-lao-dong-299834.aspx
36/2020/NĐ-CP	https://thuvienphapluat.vn/van-ban/Vi-pham-hanh-chinh/Nghi-dinh-36-2020-ND-CP-xu-phat-vi-pham-hanh-chinh-trong-linh-vuc-tai-nguyen-nuoc-va-khoang-san-438135.aspx
100/2019/NĐ-CP	https://thuvienphapluat.vn/van-ban/Vi-pham-hanh-chinh/Nghi-dinh-100-2019-ND-CP-xu-phat-vi-pham-hanh-chinh-linh-vuc-giao-thong-duong-bo-va-duong-sat-426369.aspx
71/2026/NĐ-CP	https://thuvienphapluat.vn/van-ban/Bo-may-hanh-chinh/Nghi-dinh-71-2026-ND-CP-xu-phat-vi-pham-hanh-chinh-trong-linh-vuc-nang-luong-nguyen-tu-697024.aspx
117/2020/NĐ-CP	https://thuvienphapluat.vn/van-ban/Vi-pham-hanh-chinh/Nghi-dinh-117-2020-ND-CP-quy-dinh-xu-phat-vi-pham-hanh-chinh-trong-linh-vuc-y-te-398159.aspx
162/2018/NĐ-CP	https://thuvienphapluat.vn/van-ban/Vi-pham-hanh-chinh/Nghi-dinh-162-2018-ND-CP-xu-phat-vi-pham-hanh-chinh-trong-linh-vuc-hang-khong-dan-dung-321856.aspx
27/2012/NĐ-CP	https://thuvienphapluat.vn/van-ban/Bo-may-hanh-chinh/Nghi-dinh-27-2012-ND-CP-xu-ly-ky-luat-vien-chuc-va-trach-nhiem-boi-thuong-137795.aspx
45/2022/NĐ-CP	https://thuvienphapluat.vn/van-ban/Vi-pham-hanh-chinh/Nghi-dinh-45-2022-ND-CP-xu-phat-vi-pham-hanh-chinh-linh-vuc-bao-ve-moi-truong-484772.aspx
141/2005/NĐ-CP	https://thuvienphapluat.vn/van-ban/Lao-dong-Tien-luong/Nghi-dinh-141-2005-ND-CP-quan-ly-lao-dong-Viet-Nam-lam-viec-o-nuoc-ngoai-5460.aspx
122/2021/NĐ-CP	https://thuvienphapluat.vn/van-ban/Dau-tu/Nghi-dinh-122-2021-ND-CP-xu-phat-vi-pham-hanh-chinh-linh-vuc-ke-hoach-285024.aspx
71/2019/NĐ-CP	https://thuvienphapluat.vn/van-ban/Vi-pham-hanh-chinh/Nghi-dinh-71-2019-ND-CP-xu-phat-vi-pham-hanh-chinh-trong-linh-vuc-hoa-chat-vat-lieu-no-cong-nghiep-422686.aspx
355/2025/NĐ-CP	https://thuvienphapluat.vn/van-ban/Trach-nhiem-hinh-su/Nghi-dinh-355-2025-ND-CP-huong-dan-Luat-Tu-phap-nguoi-chua-thanh-nien-687611.aspx
88/2022/NĐ-CP	https://thuvienphapluat.vn/van-ban/Vi-pham-hanh-chinh/Nghi-dinh-88-2022-ND-CP-xu-phat-vi-pham-hanh-chinh-giao-duc-nghe-nghiep-534876.aspx
04/2021/NĐ-CP	https://thuvienphapluat.vn/van-ban/Vi-pham-hanh-chinh/Nghi-dinh-04-2021-ND-CP-xu-phat-vi-pham-hanh-chinh-trong-linh-vuc-giao-duc-450564.aspx
60/2014/NĐ-CP	https://thuvienphapluat.vn/van-ban/Van-hoa-Xa-hoi/Nghi-dinh-60-2014-ND-CP-hoat-dong-in-236135.aspx
118/2025/NĐ-CP	https://thuvienphapluat.vn/van-ban/Bo-may-hanh-chinh/Nghi-dinh-118-2025-ND-CP-thuc-hien-thu-tuc-hanh-chinh-co-che-mot-cua-mot-cua-lien-thong-660295.aspx
362/2025/NĐ-CP	https://thuvienphapluat.vn/van-ban/Thue-Phi-Le-Phi/Nghi-dinh-362-2025-ND-CP-huong-dan-Luat-Phi-va-le-phi-687493.aspx
41/2022/NĐ-CP	https://thuvienphapluat.vn/van-ban/Thue-Phi-Le-Phi/Nghi-dinh-41-2022-ND-CP-sua-doi-Nghi-dinh-123-2020-ND-CP-hoa-don-chung-tu-518076.aspx
65/2013/NĐ-CP	https://thuvienphapluat.vn/van-ban/Thue-Phi-Le-Phi/Nghi-dinh-65-2013-ND-CP-huong-dan-Luat-thue-thu-nhap-ca-nhan-2007-sua-doi-2012-196609.aspx
85/2019/NĐ-CP	https://thuvienphapluat.vn/van-ban/Xuat-nhap-khau/Nghi-dinh-85-2019-ND-CP-thuc-hien-thu-tuc-hanh-chinh-theo-co-che-mot-cua-quoc-gia-ASEAN-428701.aspx
102/2021/NĐ-CP	https://thuvienphapluat.vn/van-ban/Thue-Phi-Le-Phi/Nghi-dinh-102-2021-ND-CP-sua-doi-Nghi-dinh-xu-phat-vi-pham-hanh-chinh-linh-vuc-thue-494746.aspx
310/2025/NĐ-CP	https://thuvienphapluat.vn/van-ban/Thuong-mai/Nghi-dinh-310-2025-ND-CP-sua-doi-Nghi-dinh-125-2020-ND-CP-xu-phat-hanh-chinh-linh-vuc-thue-478004.aspx
228/2025/NĐ-CP	https://thuvienphapluat.vn/van-ban/Ke-toan-Kiem-toan/Nghi-dinh-228-2025-ND-CP-xu-phat-vi-pham-hanh-chinh-linh-vuc-kiem-toan-doc-lap-670219.aspx
63/2019/NĐ-CP	https://thuvienphapluat.vn/van-ban/Vi-pham-hanh-chinh/Nghi-dinh-63-2019-ND-CP-xu-phat-vi-pham-hanh-chinh-trong-linh-vuc-quan-ly-su-dung-tai-san-cong-418634.aspx
87/2024/NĐ-CP	https://thuvienphapluat.vn/van-ban/Vi-pham-hanh-chinh/Nghi-dinh-87-2024-ND-CP-quy-dinh-xu-phat-vi-pham-hanh-chinh-trong-quan-ly-gia-617139.aspx
119/2017/NĐ-CP	https://thuvienphapluat.vn/van-ban/Vi-pham-hanh-chinh/Nghi-dinh-119-2017-ND-CP-xu-phat-vi-pham-hanh-chinh-trong-linh-vuc-tieu-chuan-do-luong-343705.aspx
118/2021/NĐ-CP	https://thuvienphapluat.vn/van-ban/Vi-pham-hanh-chinh/Nghi-dinh-118-2021-ND-CP-huong-dan-Luat-Xu-ly-vi-pham-hanh-chinh-477969.aspx
132/2020/NĐ-CP	https://thuvienphapluat.vn/van-ban/Doanh-nghiep/Nghi-dinh-132-2020-ND-CP-quy-dinh-quan-ly-thue-doi-voi-doanh-nghiep-co-giao-dich-lien-ket-452218.aspx
347/2025/NĐ-CP	https://thuvienphapluat.vn/van-ban/Bo-may-hanh-chinh/Nghi-dinh-347-2025-ND-CP-thu-tuc-hanh-chinh-thuoc-linh-vuc-Kho-bac-Nha-nuoc-687432.aspx
150/2020/NĐ-CP	https://thuvienphapluat.vn/van-ban/Doanh-nghiep/Nghi-dinh-150-2020-ND-CP-chuyen-don-vi-su-nghiep-cong-lap-thanh-cong-ty-co-phan-427856.aspx
57/2026/NĐ-CP	https://thuvienphapluat.vn/van-ban/Doanh-nghiep/Nghi-dinh-57-2026-ND-CP-co-cau-lai-von-nha-nuoc-tai-doanh-nghiep-694929.aspx
212/2025/NĐ-CP	https://thuvienphapluat.vn/van-ban/Dau-tu/Nghi-dinh-212-2025-ND-CP-huong-dan-hoat-dong-dau-tu-tu-quy-bao-hiem-xa-hoi-bao-hiem-y-te-666742.aspx
15/2025/NĐ-CP	https://thuvienphapluat.vn/van-ban/Giao-thong-Van-tai/Nghi-dinh-15-2025-ND-CP-quan-ly-su-dung-khai-thac-tai-san-ket-cau-ha-tang-duong-sat-642172.aspx
44/2024/NĐ-CP	https://thuvienphapluat.vn/van-ban/Giao-thong-Van-tai/Nghi-dinh-44-2024-ND-CP-quan-ly-su-dung-tai-san-ket-cau-ha-tang-giao-thong-duong-bo-608235.aspx
287/2025/NĐ-CP	https://thuvienphapluat.vn/van-ban/Tai-chinh-nha-nuoc/Nghi-dinh-287-2025-ND-CP-quan-ly-su-dung-va-khai-thac-tai-san-ket-cau-ha-tang-hang-khong-679852.aspx
12/2025/NĐ-CP	https://thuvienphapluat.vn/van-ban/Giao-thong-Van-tai/Nghi-dinh-12-2025-ND-CP-quan-ly-su-dung-khai-thac-tai-san-ket-cau-ha-tang-duong-thuy-noi-dia-641414.aspx
324/2025/NĐ-CP	https://thuvienphapluat.vn/van-ban/Tai-chinh-nha-nuoc/Nghi-dinh-324-2025-ND-CP-chinh-sach-tai-chinh-trong-Trung-tam-tai-chinh-quoc-te-tai-Viet-Nam-685819.aspx
88/2014/NĐ-CP	https://thuvienphapluat.vn/van-ban/Doanh-nghiep/Nghi-dinh-88-2014-ND-CP-dich-vu-xep-hang-tin-nhiem-251113.aspx
88/2016/NĐ-CP	https://thuvienphapluat.vn/van-ban/Bao-hiem/Nghi-dinh-88-2016-ND-CP-chuong-trinh-huu-tri-bo-sung-tu-nguyen-317414.aspx
273/2025/NĐ-CP	https://thuvienphapluat.vn/van-ban/Bo-may-hanh-chinh/Nghi-dinh-273-2025-ND-CP-to-chuc-va-hoat-dong-thanh-tra-Cong-an-nhan-dan-677351.aspx
44/2020/NĐ-CP	https://thuvienphapluat.vn/van-ban/Thu-tuc-To-tung/Nghi-dinh-44-2020-ND-CP-quy-dinh-cuong-che-thi-hanh-an-doi-voi-phap-nhan-thuong-mai-427244.aspx
296/2025/NĐ-CP	https://thuvienphapluat.vn/van-ban/Vi-pham-hanh-chinh/Nghi-dinh-296-2025-ND-CP-cuong-che-thi-hanh-quyet-dinh-xu-phat-vi-pham-hanh-chinh-681635.aspx
216/2025/NĐ-CP	https://thuvienphapluat.vn/van-ban/Bo-may-hanh-chinh/Nghi-dinh-216-2025-ND-CP-huong-dan-Luat-Thanh-tra-655380.aspx
109/2025/NĐ-CP	https://thuvienphapluat.vn/van-ban/Bo-may-hanh-chinh/Nghi-dinh-109-2025-ND-CP-chuc-nang-nhiem-vu-quyen-han-co-cau-to-chuc-Thanh-tra-Chinh-phu-657631.aspx
123/2013/NĐ-CP	https://thuvienphapluat.vn/van-ban/Dich-vu-phap-ly/Nghi-dinh-123-2013-ND-CP-huong-dan-va-bien-phap-thi-hanh-Luat-luat-su-209821.aspx
76/2020/NĐ-CP	https://thuvienphapluat.vn/van-ban/Bo-may-hanh-chinh/Nghi-dinh-76-2020-ND-CP-huong-dan-doi-tuong-cap-thu-hoi-huy-gia-tri-su-dung-giay-thong-hanh-446497.aspx
108/2016/NĐ-CP	https://thuvienphapluat.vn/van-ban/Thuong-mai/Nghi-dinh-108-2016-ND-CP-dieu-kien-kinh-doanh-san-pham-dich-vu-an-toan-thong-tin-mang-319676.aspx
121/2021/NĐ-CP	https://thuvienphapluat.vn/van-ban/Thuong-mai/Nghi-dinh-121-2021-ND-CP-kinh-doanh-tro-choi-dien-tu-co-thuong-cho-nguoi-nuoc-ngoai-499046.aspx
19/2023/NĐ-CP	https://thuvienphapluat.vn/van-ban/Tien-te-Ngan-hang/Nghi-dinh-19-2023-ND-CP-huong-dan-Luat-Phong-chong-rua-tien-564905.aspx
89/2024/NĐ-CP	https://thuvienphapluat.vn/van-ban/Doanh-nghiep/Nghi-dinh-89-2024-ND-CP-chuyen-doi-cong-ty-nha-nuoc-thanh-cong-ty-trach-nhiem-huu-han-549549.aspx
23/2022/NĐ-CP	https://thuvienphapluat.vn/van-ban/Doanh-nghiep/Nghi-dinh-23-2022-ND-CP-thanh-lap-doanh-nghiep-do-Nha-nuoc-nam-giu-100-von-dieu-le-509241.aspx
297/2025/NĐ-CP	https://thuvienphapluat.vn/van-ban/Doanh-nghiep/Nghi-dinh-297-2025-ND-CP-lien-thong-dien-tu-nhom-thu-tuc-hanh-chinh-cap-Giay-phep-kinh-doanh-karaoke-681242.aspx
113/2025/NĐ-CP	https://thuvienphapluat.vn/van-ban/Bo-may-hanh-chinh/Nghi-dinh-113-2025-ND-CP-huong-dan-Luat-Luu-tru-624699.aspx
58/2021/NĐ-CP	https://thuvienphapluat.vn/van-ban/Doanh-nghiep/Nghi-dinh-58-2021-ND-CP-hoat-dong-cung-ung-dich-vu-thong-tin-tin-dung-477450.aspx
47/2011/NĐ-CP	https://thuvienphapluat.vn/van-ban/Cong-nghe-thong-tin/Nghi-dinh-47-2011-ND-CP-huong-dan-Luat-buu-chinh-125633.aspx
07/2016/NĐ-CP	https://thuvienphapluat.vn/van-ban/Thuong-mai/Nghi-dinh-07-2016-ND-CP-quy-dinh-chi-tiet-van-phong-dai-dien-chi-nhanh-thuong-nhan-nuoc-ngoai-301477.aspx
 51/2024/NĐ-CP	https://thuvienphapluat.vn/van-ban/Bo-may-hanh-chinh/Nghi-dinh-51-2024-ND-CP-sua-doi-Nghi-dinh-08-2019-ND-CP-che-do-thanh-vien-co-quan-Viet-Nam-609901.aspx
32/2013/NĐ-CP	https://thuvienphapluat.vn/van-ban/Lao-dong-Tien-luong/Nghi-dinh-32-2013-ND-CP-huong-dan-che-do-chinh-sach-nguoi-lam-cong-tac-co-yeu-182292.aspx
172/2025/NĐ-CP	https://thuvienphapluat.vn/van-ban/Bo-may-hanh-chinh/Nghi-dinh-172-2025-ND-CP-quy-dinh-ve-xu-ly-ky-luat-can-bo-cong-chuc-663214.aspx
112/2020/NĐ-CP	https://thuvienphapluat.vn/van-ban/Bo-may-hanh-chinh/Nghi-dinh-112-2020-ND-CP-xu-ly-ky-luat-can-bo-cong-chuc-vien-chuc-453227.aspx
84/2014/NĐ-CP	https://thuvienphapluat.vn/van-ban/Bo-may-hanh-chinh/Nghi-dinh-84-2014-ND-CP-huong-dan-Luat-Thuc-hanh-tiet-kiem-chong-lang-phi-248494.aspx
84/2006/NĐ-CP	https://thuvienphapluat.vn/van-ban/Vi-pham-hanh-chinh/Nghi-dinh-84-2006-ND-CP-boi-thuong-thiet-hai-xu-ly-ky-luat-xu-phat-vi-pham-hanh-chinh-trong-thuc-hanh-tiet-kiem-chong-lang-phi-13593.aspx
73/2024/NĐ-CP	https://thuvienphapluat.vn/van-ban/Lao-dong-Tien-luong/Nghi-dinh-73-2024-ND-CP-muc-luong-co-so-che-do-tien-thuong-can-bo-cong-chuc-luc-luong-vu-trang-615447.aspx
204/2004/NĐ-CP	https://thuvienphapluat.vn/van-ban/Lao-dong-Tien-luong/Nghi-dinh-204-2004-ND-CP-che-do-tien-luong-doi-voi-can-bo-cong-chuc-vien-chuc-luc-luong-vu-trang-52629.aspx
154/2025/NĐ-CP	https://thuvienphapluat.vn/van-ban/Lao-dong-Tien-luong/Nghi-dinh-154-2025-ND-CP-quy-dinh-tinh-gian-bien-che-658521.aspx
54/2005/NĐ-CP	https://thuvienphapluat.vn/van-ban/Lao-dong-Tien-luong/Nghi-dinh-54-2005-ND-CP-che-do-thoi-viec-boi-thuong-chi-phi-dao-tao-doi-voi-can-bo-cong-chuc-53046.aspx
152/2020/NĐ-CP	https://thuvienphapluat.vn/van-ban/Lao-dong-Tien-luong/Nghi-dinh-152-2020-ND-CP-quan-ly-nguoi-lao-dong-nuoc-ngoai-lam-viec-tai-Viet-Nam-280261.aspx
219/2025/NĐ-CP	https://thuvienphapluat.vn/van-ban/Lao-dong-Tien-luong/Nghi-dinh-219-2025-ND-CP-nguoi-lao-dong-nuoc-ngoai-lam-viec-tai-Viet-Nam-668418.aspx
70/2023/NĐ-CP	https://thuvienphapluat.vn/van-ban/Lao-dong-Tien-luong/Nghi-dinh-70-2023-ND-CP-sua-doi-Nghi-dinh-152-2020-ND-CP-lao-dong-nuoc-ngoai-579513.aspx
325/2025/NĐ-CP	https://thuvienphapluat.vn/van-ban/Lao-dong-Tien-luong/Nghi-dinh-325-2025-ND-CP-lao-dong-viec-lam-trong-Trung-tam-tai-chinh-quoc-te-tai-Viet-Nam-685793.aspx
28/2005/NĐ-CP	https://thuvienphapluat.vn/van-ban/Tien-te-Ngan-hang/Nghi-dinh-28-2005-ND-CP-to-chuc-hoat-dong-to-chuc-tai-chinh-quy-mo-nho-tai-Viet-Nam-52886.aspx
03/2017/NĐ-CP	https://thuvienphapluat.vn/van-ban/Thuong-mai/Nghi-dinh-03-2017-ND-CP-kinh-doanh-casino-337883.aspx
163/2024/NĐ-CP	https://thuvienphapluat.vn/van-ban/Cong-nghe-thong-tin/Nghi-dinh-163-2024-ND-CP-huong-dan-Luat-Vien-thong-620748.aspx
16/2023/NĐ-CP	https://thuvienphapluat.vn/van-ban/Doanh-nghiep/Nghi-dinh-16-2023-ND-CP-to-chuc-quan-ly-doanh-nghiep-truc-tiep-phuc-vu-quoc-phong-an-ninh-564517.aspx
100/2020/NĐ-CP	https://thuvienphapluat.vn/van-ban/Xuat-nhap-khau/Nghi-dinh-100-2020-ND-CP-kinh-doanh-hang-mien-thue-410609.aspx
175/2013/NĐ-CP	https://thuvienphapluat.vn/van-ban/Doanh-nghiep/Nghi-dinh-175-2013-ND-CP-Dieu-le-to-chuc-hoat-dong-Tong-cong-ty-Duong-sat-Viet-Nam-213553.aspx
08/2019/NĐ-CP	https://thuvienphapluat.vn/van-ban/Bo-may-hanh-chinh/Nghi-dinh-08-2019-ND-CP-quy-dinh-che-do-doi-voi-thanh-vien-co-quan-Viet-Nam-o-nuoc-ngoai-405779.aspx
54/2011/QĐ-TTg	https://thuvienphapluat.vn/van-ban/Doanh-nghiep/Quyet-dinh-54-2011-QD-TTg-gia-han-nop-thue-thu-nhap-doanh-nghiep-nam-2011-130200.aspx
21/2011/QĐ-TTg	https://thuvienphapluat.vn/van-ban/Doanh-nghiep/Quyet-dinh-21-2011-QD-TTg-gia-han-nop-thue-thu-nhap-doanh-nghiep-121599.aspx
2109/QĐ-TTg	https://thuvienphapluat.vn/van-ban/Doanh-nghiep/Quyet-dinh-2109-QD-TTg-2025-don-gian-hoa-thu-tuc-hanh-chinh-san-xuat-kinh-doanh-cua-Bo-Ngoai-giao-673754.aspx
1893/QĐ-TTg	https://thuvienphapluat.vn/van-ban/Thuong-mai/Quyet-dinh-1893-QD-TTg-2025-Co-che-dieu-phoi-lien-nganh-ve-phat-trien-ben-vung-kinh-te-bien-671779.aspx
39-CP	https://thuvienphapluat.vn/van-ban/Quyen-dan-su/Nghi-dinh-39-CP-luc-luong-du-bi-dong-vien-de-huong-dan-thi-hanh-Phap-lenh-ve-luc-luong-du-bi-dong-vien-40628.aspx
169/2007/QĐ-TTg	https://thuvienphapluat.vn/van-ban/Doanh-nghiep/Quyet-dinh-169-2007-QD-TTg-quy-che-giam-sat-doanh-nghiep-nha-nuoc-kinh-doanh-thua-lo-hoat-dong-khong-co-hieu-qua-58299.aspx
07/2013/QĐ-TTg	https://thuvienphapluat.vn/van-ban/Tien-te-Ngan-hang/Quyet-dinh-07-2013-QD-TTg-che-do-tai-chinh-cua-Ngan-hang-Nha-nuoc-Viet-Nam-166780.aspx
26/2022/QĐ-TTg	https://thuvienphapluat.vn/van-ban/Chung-khoan/Quyet-dinh-26-2022-QD-TTg-hoat-dong-Tong-cong-ty-Luu-ky-va-Bu-tru-chung-khoan-Viet-Nam-546079.aspx
1515/QĐ-TTg	https://thuvienphapluat.vn/van-ban/Van-hoa-Xa-hoi/Quyet-dinh-1515-QD-TTg-2021-Ke-hoach-tim-kiem-quy-tap-hai-cot-liet-si-den-nam-2030-487957.aspx
232/2006/QĐ-TTg	https://thuvienphapluat.vn/van-ban/Dau-tu/Quyet-dinh-232-2006-QD-TTg-Quy-che-thu-thap-tong-hop-bao-cao-chia-se-cong-bo-thong-tin-no-nuoc-ngoai-15489.aspx
127/QĐ-TTg	https://thuvienphapluat.vn/van-ban/Thuong-mai/Quyet-dinh-127-QD-TTg-2026-chi-dinh-cac-co-quan-dau-moi-de-thuc-hien-Hiep-dinh-CPTPP-690137.aspx
23/2021/QĐ-TTg	https://thuvienphapluat.vn/van-ban/Lao-dong-Tien-luong/Quyet-dinh-23-2021-QD-TTg-chinh-sach-ho-tro-nguoi-lao-dong-gap-kho-khan-do-dai-dich-COVID-19-480459.aspx
33/2021/QĐ-TTg	https://thuvienphapluat.vn/van-ban/Lao-dong-Tien-luong/Quyet-dinh-33-2021-QD-TTg-sua-doi-Quyet-dinh-23-2021-QD-TTg-493642.aspx
28/2021/QĐ-TTg	https://thuvienphapluat.vn/van-ban/Lao-dong-Tien-luong/Quyet-dinh-28-2021-QD-TTg-thuc-hien-chinh-sach-ho-tro-nguoi-lao-dong-bi-anh-huong-boi-COVID19-489758.aspx
31/2021/QĐ-TTg	https://thuvienphapluat.vn/van-ban/Cong-nghe-thong-tin/Quyet-dinh-31-2021-QD-TTg-Quy-che-quan-ly-van-hanh-Cong-Dich-vu-cong-quoc-gia-491068.aspx
34/2025/QĐ-TTg	https://thuvienphapluat.vn/van-ban/Lao-dong-Tien-luong/Quyet-dinh-34-2025-QD-TTg-Quy-Ho-tro-viec-lam-ngoai-nuoc-673329.aspx
87/2010/QĐ-TTg	https://thuvienphapluat.vn/van-ban/Doanh-nghiep/Quyet-dinh-87-2010-QD-TTg-cho-doanh-nghiep-nguoi-lao-dong-Tap-doan-cong-nghiep-116460.aspx
05/2017/QĐ-TTg	https://thuvienphapluat.vn/van-ban/Cong-nghe-thong-tin/Quyet-dinh-05-2017-QD-TTg-he-thong-phuong-an-ung-cuu-khan-cap-bao-dam-an-toan-thong-tin-mang-quoc-gia-343011.aspx
18/2019/QĐ-TTg	https://thuvienphapluat.vn/van-ban/Xuat-nhap-khau/Quyet-dinh-18-2019-QD-TTg-nhap-khau-may-moc-thiet-bi-day-chuyen-cong-nghe-da-qua-su-dung-412143.aspx
31/2015/QĐ-TTg	https://thuvienphapluat.vn/van-ban/Xuat-nhap-khau/Quyet-dinh-31-2015-QD-TTg-dinh-muc-hanh-ly-tai-san-qua-bieu-qua-tang-duoc-mien-thue-xet-mien-thue-285113.aspx
34/2016/QĐ-TTg	https://thuvienphapluat.vn/van-ban/Cong-nghe-thong-tin/Quyet-dinh-34-2016-QD-TTg-thu-tuc-dien-tu-tau-thuyen-vao-roi-cang-bien-cang-thuy-noi-dia-cang-dau-khi-320941.aspx
46/2015/QĐ-TTg	https://thuvienphapluat.vn/van-ban/Tai-chinh-nha-nuoc/Quyet-dinh-46-2015-QD-TTg-chinh-sach-ho-tro-dao-tao-trinh-do-so-cap-dao-tao-duoi-03-thang-291576.aspx
42/2012/QĐ-TTg	https://thuvienphapluat.vn/van-ban/Lao-dong-Tien-luong/Quyet-dinh-42-2012-QD-TTg-ho-tro-to-chuc-don-vi-su-dung-lao-dong-nguoi-dan-toc-149166.aspx
119/2006/QĐ-TTg	https://thuvienphapluat.vn/van-ban/Doanh-nghiep/Quyet-dinh-119-2006-QD-TTg-Dieu-le-to-chuc-hoat-dong-Tong-cong-ty-Thuoc-la-Viet-Nam-mo-hinh-Cong-ty-me-con-12076.aspx
247/2005/QĐ-TTG	https://thuvienphapluat.vn/van-ban/Doanh-nghiep/Quyet-dinh-247-2005-QD-TTG-dieu-le-to-chuc-hoat-dong-Tong-cong-ty-cong-nghiep-Tau-thuy-Viet-Nam-thi-diem-Hoi-dong-quan-tri-thue-giam-doc-dieu-hanh-4262.aspx
91/2007/QĐ-TTg	https://thuvienphapluat.vn/van-ban/Doanh-nghiep/Quyet-dinh-91-2007-QD-TTg-Phe-duyet-Dieu-le-to-chuc-hoat-dong-Cong-ty-me-Tong-cong-ty-Thep-Viet-Nam-21771.aspx
192/2007/QĐ-TTg	https://thuvienphapluat.vn/van-ban/Doanh-nghiep/Quyet-dinh-192-2007-QD-TTg-phe-duyet-Dieu-le-to-chuc-hoat-dong-Cong-ty-me-Tong-cong-ty-Hang-hai-Viet-Nam-60114.aspx
259/2006/QĐ-TTg	https://thuvienphapluat.vn/van-ban/Doanh-nghiep/Quyet-dinh-259-2006-QD-TTg-Dieu-le-to-chuc-hoat-dong-Cong-ty-me-Tong-cong-ty-Hang-khong-Viet-Nam-15453.aspx
64/2006/QĐ-TTg	https://thuvienphapluat.vn/van-ban/Doanh-nghiep/Quyet-dinh-64-2006-QD-TTg-dieu-le-to-chuc-hoat-dong-Tong-Cong-ty-giay-Viet-Nam-theo-mo-hinh-cong-ty-me-con-10579.aspx
326/2016/UBTVQH14	https://thuvienphapluat.vn/van-ban/Thue-Phi-Le-Phi/Nghi-quyet-326-2016-UBTVQH14-muc-thu-mien-giam-thu-nop-quan-ly-su-dung-an-phi-le-phi-Toa-an-337085.aspx
11/2016/UBTVQH13	https://thuvienphapluat.vn/van-ban/Thuong-mai/Phap-lenh-quan-ly-thi-truong-nam-2016-290391.aspx
28/2005/PL-UBTVQH11	https://thuvienphapluat.vn/van-ban/Tien-te-Ngan-hang/Phap-lenh-ngoai-hoi-2005-28-2005-PL-UBTVQH11-8043.aspx
10/2003/PL-UBTVQH11	https://thuvienphapluat.vn/van-ban/Van-hoa-Xa-hoi/Phap-lenh-phong-chong-mai-dam-2003-10-2003-PL-UBTVQH11-50643.aspx
02/2005/LPQT	https://thuvienphapluat.vn/van-ban/Cong-nghe-thong-tin/Hiep-dinh-to-chuc-Ve-tinh-vien-thong-quoc-te-INTELSAT-co-hieu-luc-doi-voi-Viet-Nam-4818.aspx
118/2004/LPQT	https://thuvienphapluat.vn/van-ban/Tien-te-Ngan-hang/Hiep-dinh-Hop-tac-tai-chinh-2004-giua-Viet-Nam-Duc-5296.aspx
48-L/CTN	https://thuvienphapluat.vn/van-ban/Lao-dong-Tien-luong/Phap-lenh-Thu-tuc-giai-quyet-cac-tranh-chap-lao-dong-1996-48-L-CTN-39777.aspx
59/2020/QH14	https://thuvienphapluat.vn/van-ban/Doanh-nghiep/Luat-Doanh-nghiep-so-59-2020-QH14-427301.aspx
04/2017/QH14	https://thuvienphapluat.vn/van-ban/Doanh-nghiep/Luat-Ho-tro-doanh-nghiep-nho-va-vua-2017-320905.aspx
45/2019/QH14	https://thuvienphapluat.vn/van-ban/Lao-dong-Tien-luong/Bo-Luat-lao-dong-2019-333670.aspx
38/2019/QH14	https://thuvienphapluat.vn/van-ban/Thue-Phi-Le-Phi/Luat-quan-ly-thue-2019-387595.aspx
58/2014/QH13	https://thuvienphapluat.vn/van-ban/Bao-hiem/Luat-Bao-hiem-xa-hoi-2014-259700.aspx
41/2024/QH15	https://thuvienphapluat.vn/van-ban/Bao-hiem/Luat-Bao-hiem-xa-hoi-2024-557190.aspx
84/2015/QH13	https://thuvienphapluat.vn/van-ban/Lao-dong-Tien-luong/Luat-an-toan-ve-sinh-lao-dong-2015-281961.aspx
07/2022/QH15	https://thuvienphapluat.vn/van-ban/So-huu-tri-tue/Luat-So-huu-tri-tue-sua-doi-2022-458435.aspx
61/2020/QH14	https://thuvienphapluat.vn/van-ban/Doanh-nghiep/Luat-Dau-tu-so-61-2020-QH14-321051.aspx
36/2005/QH11	https://thuvienphapluat.vn/van-ban/Thuong-mai/Luat-Thuong-mai-2005-36-2005-QH11-2633.aspx
91/2015/QH13	https://thuvienphapluat.vn/van-ban/Quyen-dan-su/Bo-luat-dan-su-2015-296215.aspx
13/2008/QH12	https://thuvienphapluat.vn/van-ban/Thue-Phi-Le-Phi/Luat-thue-gia-tri-gia-tang-2008-13-2008-QH12-66934.aspx
48/2024/QH15	https://thuvienphapluat.vn/van-ban/Thue-Phi-Le-Phi/Luat-Thue-gia-tri-gia-tang-2024-so-48-2024-QH15-556390.aspx
14/2008/QH12	https://thuvienphapluat.vn/van-ban/Doanh-nghiep/Luat-thue-thu-nhap-doanh-nghiep-2008-66935.aspx
67/2025/QH15	https://thuvienphapluat.vn/van-ban/Doanh-nghiep/Luat-Thue-thu-nhap-doanh-nghiep-2025-so-67-2025-QH15-580594.aspx
04/2007/QH12	https://thuvienphapluat.vn/van-ban/Thue-Phi-Le-Phi/Luat-thue-thu-nhap-ca-nhan-2007-04-2007-QH12-59652.aspx
22/2023/QH15	https://thuvienphapluat.vn/van-ban/Dau-tu/Luat-Dau-thau-2023-22-2023-QH15-518805.aspx
31/2024/QH15	https://thuvienphapluat.vn/van-ban/Bat-dong-san/Luat-Dat-dai-2024-31-2024-QH15-523642.aspx
19/2023/QH15	https://thuvienphapluat.vn/van-ban/Thuong-mai/Luat-Bao-ve-quyen-loi-nguoi-tieu-dung-2023-19-2023-QH15-500102.aspx
38/2013/QH13	https://thuvienphapluat.vn/van-ban/Lao-dong-Tien-luong/Luat-viec-lam-nam-2013-215628.aspx
12/2012/QH13	https://thuvienphapluat.vn/van-ban/Lao-dong-Tien-luong/Luat-Cong-doan-2012-142186.aspx
23/2018/QH14	https://thuvienphapluat.vn/van-ban/Doanh-nghiep/Luat-canh-tranh-345182.aspx
54/2010/QH12	https://thuvienphapluat.vn/van-ban/Thu-tuc-To-tung/Luat-Trong-tai-thuong-mai-2010-108083.aspx
28/2005/QH11	https://thuvienphapluat.vn/van-ban/Thuong-mai/Luat-Hai-quan-2014-238637.aspx
72/2020/QH14	https://thuvienphapluat.vn/van-ban/Tai-nguyen-Moi-truong/Luat-so-72-2020-QH14-Bao-ve-moi-truong-2020-431147.aspx
62/2020/QH14	https://thuvienphapluat.vn/van-ban/Xay-dung-Do-thi/Luat-Xay-dung-sua-doi-2020-so-62-2020-QH14-418229.aspx
16/2012/QH13	https://thuvienphapluat.vn/van-ban/Thuong-mai/Luat-Quang-cao-2012-142541.aspx
88/2015/QH13	https://thuvienphapluat.vn/van-ban/Ke-toan-Kiem-toan/Luat-ke-toan-2015-298369.aspx
09/2017/QH14	https://thuvienphapluat.vn/van-ban/Van-hoa-Xa-hoi/Luat-du-lich-2017-322936.aspx
58/2012/QH13	https://thuvienphapluat.vn/van-ban/Bao-hiem/Luat-Bao-hiem-xa-hoi-2014-259700.aspx
124/2025/QH15	https://thuvienphapluat.vn/van-ban/Giao-duc/Luat-Giao-duc-nghe-nghiep-2025-so-124-2025-QH15-687560.aspx
80/2021/NĐ-CP	https://thuvienphapluat.vn/van-ban/Doanh-nghiep/Nghi-dinh-80-2021-ND-CP-huong-dan-Luat-Ho-tro-doanh-nghiep-nho-va-vua-486147.aspx
01/2021/NĐ-CP	https://thuvienphapluat.vn/van-ban/Doanh-nghiep/Nghi-dinh-01-2021-ND-CP-dang-ky-doanh-nghiep-283247.aspx
168/2025/NĐ-CP	https://thuvienphapluat.vn/van-ban/Doanh-nghiep/Nghi-dinh-168-2025-ND-CP-dang-ky-doanh-nghiep-623074.aspx
125/2020/NĐ-CP	https://thuvienphapluat.vn/van-ban/Van-hoa-Xa-hoi/Nghi-dinh-31-2025-ND-CP-sua-doi-Nghi-dinh-32-2012-ND-CP-644422.aspx
12/2022/NĐ-CP	https://thuvienphapluat.vn/van-ban/Lao-dong-Tien-luong/Nghi-dinh-12-2022-ND-CP-xu-phat-vi-pham-hanh-chinh-lao-dong-bao-hiem-nguoi-lam-viec-nuoc-ngoai-479312.aspx
145/2020/NĐ-CP	https://thuvienphapluat.vn/van-ban/Lao-dong-Tien-luong/Nghi-dinh-145-2020-ND-CP-huong-dan-Bo-luat-Lao-dong-ve-dieu-kien-lao-dong-quan-he-lao-dong-459400.aspx
47/2021/NĐ-CP	https://thuvienphapluat.vn/van-ban/Doanh-nghiep/Nghi-dinh-47-2021-ND-CP-huong-dan-Luat-Doanh-nghiep-470561.aspx
44/2025/NĐ-CP	https://thuvienphapluat.vn/van-ban/Doanh-nghiep/Nghi-dinh-44-2025-ND-CP-quan-ly-lao-dong-tien-luong-tien-thuong-trong-doanh-nghiep-nha-nuoc-624938.aspx
28/2021/NĐ-CP	https://thuvienphapluat.vn/van-ban/Dau-tu/Nghi-dinh-28-2021-ND-CP-quan-ly-tai-chinh-du-an-dau-tu-theo-phuong-thuc-doi-tac-cong-tu-468882.aspx
39/2019/NĐ-CP	https://thuvienphapluat.vn/van-ban/Doanh-nghiep/Nghi-dinh-39-2019-ND-CP-to-chuc-va-hoat-dong-cua-Quy-Phat-trien-doanh-nghiep-nho-va-vua-325336.aspx
31/2021/NĐ-CP	https://thuvienphapluat.vn/van-ban/Dau-tu/Nghi-dinh-31-2021-ND-CP-huong-dan-Luat-Dau-tu-462291.aspx
21/2021/NĐ-CP	https://thuvienphapluat.vn/van-ban/Quyen-dan-su/Nghi-dinh-21-2021-ND-CP-huong-dan-Bo-luat-Dan-su-bao-dam-thuc-hien-nghia-vu-468069.aspx
13/2023/NĐ-CP	https://thuvienphapluat.vn/van-ban/Cong-nghe-thong-tin/Nghi-dinh-13-2023-ND-CP-bao-ve-du-lieu-ca-nhan-465185.aspx
44/2016/NĐ-CP	https://thuvienphapluat.vn/van-ban/Lao-dong-Tien-luong/Nghi-dinh-44-2016-ND-CP-ky-thuat-an-toan-lao-dong-huan-luyen-an-toan-ve-sinh-moi-truong-lao-dong-299837.aspx
52/2013/NĐ-CP	https://thuvienphapluat.vn/van-ban/Thuong-mai/Nghi-dinh-52-2013-ND-CP-thuong-mai-dien-tu-187901.aspx
34/2018/NĐ-CP	https://thuvienphapluat.vn/van-ban/Doanh-nghiep/Nghi-dinh-34-2018-ND-CP-to-chuc-hoat-dong-Quy-bao-lanh-tin-dung-cho-doanh-nghiep-nho-va-vua-378399.aspx
54/2019/NĐ-CP	https://thuvienphapluat.vn/van-ban/Thuong-mai/Nghi-dinh-54-2019-ND-CP-kinh-doanh-dich-vu-karaoke-vu-truong-416838.aspx
133/2016/TT-BTC	https://thuvienphapluat.vn/van-ban/Doanh-nghiep/Thong-tu-133-2016-TT-BTC-huong-dan-che-do-ke-toan-doanh-nghiep-nho-va-vua-284997.aspx
132/2018/TT-BTC	https://thuvienphapluat.vn/van-ban/Doanh-nghiep/Thong-tu-132-2018-TT-BTC-huong-dan-Che-do-ke-toan-cho-doanh-nghiep-sieu-nho-401322.aspx
58/2026/TT-BTC	https://thuvienphapluat.vn/van-ban/Doanh-nghiep/Thong-tu-58-2026-TT-BTC-huong-dan-Che-do-ke-toan-cho-doanh-nghiep-sieu-nho-707080.aspx
23/2023/TT-BKHCN	https://thuvienphapluat.vn/van-ban/So-huu-tri-tue/Thong-tu-23-2023-TT-BKHCN-huong-dan-Luat-So-huu-tri-tue-Nghi-dinh-65-2023-ND-CP-589710.aspx
200/2014/TT-BTC	https://thuvienphapluat.vn/van-ban/Doanh-nghiep/Thong-tu-200-2014-TT-BTC-huong-dan-Che-do-ke-toan-Doanh-nghiep-263599.aspx
14/2020/TT-BKHĐT	https://thuvienphapluat.vn/van-ban/Doanh-nghiep/Thong-tu-14-2020-TT-BKHDT-rui-ro-hoat-dong-cho-vay-truc-tiep-cua-Quy-phat-trien-doanh-nghiep-461738.aspx
07/2020/TT-BKHCN	https://thuvienphapluat.vn/van-ban/Dau-tu/Nghi-dinh-28-2021-ND-CP-quan-ly-tai-chinh-du-an-dau-tu-theo-phuong-thuc-doi-tac-cong-tu-468882.aspx
01/2016/QH14	https://thuvienphapluat.vn/van-ban/Bo-may-hanh-chinh/Luat-dau-gia-tai-san-2016-280115.aspx
01/QĐ-TTg	https://thuvienphapluat.vn/van-ban/Bo-may-hanh-chinh/Quyet-dinh-01-QD-TTg-nam-2015-to-chuc-lay-y-kien-Nhan-dan-du-thao-Bo-luat-dan-su-sua-doi-262217.aspx
02/2025/QĐ-TTg	https://thuvienphapluat.vn/van-ban/Tien-te-Ngan-hang/Quyet-dinh-02-2025-QD-TTg-co-che-xu-ly-rui-ro-tin-dung-tai-Ngan-hang-Phat-trien-Viet-Nam-639419.aspx
03/2011/QĐ-TTg	https://thuvienphapluat.vn/van-ban/Doanh-nghiep/Quyet-dinh-03-2011-QD-TTg-Quy-che-bao-lanh-cho-doanh-nghiep-nho-va-vua-117410.aspx
04/2018/NĐ-CP	https://thuvienphapluat.vn/van-ban/Dau-tu/Nghi-dinh-04-2018-ND-CP-co-che-chinh-sach-uu-dai-doi-voi-Khu-cong-nghe-cao-Da-Nang-371840.aspx
04/2021/QĐ-TTg	https://thuvienphapluat.vn/van-ban/Tai-chinh-nha-nuoc/Quyet-dinh-04-2021-QD-TTg-Dieu-le-to-chuc-va-hoat-dong-cua-Quy-Doi-moi-cong-nghe-quoc-gia-464290.aspx
04/2026/NĐ-CP	https://thuvienphapluat.vn/van-ban/Giao-thong-Van-tai/Nghi-dinh-04-2026-ND-CP-giao-nhiem-vu-dat-hang-cung-cap-dich-vu-hang-hoa-cong-nghiep-duong-sat-689330.aspx
05/2007/QH12	https://thuvienphapluat.vn/van-ban/Thuong-mai/Luat-chat-luong-san-pham-hang-hoa-2007-05-2007-QH12-59776.aspx
05/2018/NĐ-CP	https://thuvienphapluat.vn/van-ban/Doanh-nghiep/Nghi-dinh-05-2018-ND-CP-Dieu-le-to-chuc-va-hoat-dong-cua-Cong-ty-me-Tap-doan-Cong-nghiep-371989.aspx
06/2016/NĐ-CP	https://thuvienphapluat.vn/van-ban/Cong-nghe-thong-tin/Nghi-dinh-06-2016-ND-CP-quan-ly-cung-cap-va-su-dung-dich-vu-phat-thanh-truyen-hinh-300818.aspx
06/2021/NĐ-CP	https://thuvienphapluat.vn/van-ban/Xay-dung-Do-thi/Nghi-dinh-06-2021-ND-CP-huong-dan-quan-ly-chat-luong-thi-cong-xay-dung-va-bao-tri-cong-trinh-xay-dung-463904.aspx
06/2022/NĐ-CP	https://thuvienphapluat.vn/van-ban/Tai-nguyen-Moi-truong/Nghi-dinh-06-2022-ND-CP-giam-nhe-phat-thai-khi-nha-kinh-va-bao-ve-tang-o-don-500104.aspx
07/2018/NĐ-CP	https://thuvienphapluat.vn/van-ban/Doanh-nghiep/Nghi-dinh-07-2018-ND-CP-Dieu-le-to-chuc-va-hoat-dong-cua-Tap-doan-Dau-khi-Viet-Nam-372827.aspx
07/2022/QH15	https://thuvienphapluat.vn/van-ban/So-huu-tri-tue/Luat-So-huu-tri-tue-sua-doi-2022-458435.aspx
08/2022/QĐ-TTg	https://thuvienphapluat.vn/van-ban/Doanh-nghiep/Quyet-dinh-08-2022-QD-TTg-chinh-sach-ho-tro-tien-thue-nha-cho-nguoi-lao-dong-o-tro-508275.aspx
09/2022/NĐ-CP	https://thuvienphapluat.vn/van-ban/Thuong-mai/Nghi-dinh-09-2022-ND-CP-sua-doi-Nghi-dinh-95-2020-ND-CP-huong-dan-dau-thau-mua-sam-500254.aspx
10/2017/NĐ-CP	https://thuvienphapluat.vn/van-ban/Doanh-nghiep/Nghi-dinh-10-2017-ND-CP-quy-che-quan-ly-tai-chinh-Tap-doan-Dien-luc-Viet-Nam-sua-doi-209-2013-ND-CP-339316.aspx
10/2017/QH14	https://thuvienphapluat.vn/van-ban/Bo-may-hanh-chinh/Luat-Trach-nhiem-boi-thuong-cua-Nha-nuoc-2017-313517.aspx
10/2021/NĐ-CP	https://thuvienphapluat.vn/van-ban/Xay-dung-Do-thi/Nghi-dinh-10-2021-ND-CP-quan-ly-chi-phi-dau-tu-xay-dung-465104.aspx
10/2022/NĐ-CP	https://thuvienphapluat.vn/van-ban/Thue-Phi-Le-Phi/Nghi-dinh-10-2022-ND-CP-quy-dinh-ve-le-phi-truoc-ba-484768.aspx
10/2024/NĐ-CP	https://thuvienphapluat.vn/van-ban/Doanh-nghiep/Nghi-dinh-10-2024-ND-CP-quy-dinh-khu-cong-nghe-cao-597972.aspx
100/2015/QH13	https://thuvienphapluat.vn/van-ban/Trach-nhiem-hinh-su/Bo-luat-hinh-su-2015-296661.aspx
100/2016/NĐ-CP	https://thuvienphapluat.vn/van-ban/Thue-Phi-Le-Phi/Nghi-dinh-100-2016-ND-CP-huong-dan-Luat-thue-gia-tri-gia-tang-thue-tieu-thu-dac-biet-quan-ly-thue-sua-doi-318277.aspx
101/2015/QH13	https://thuvienphapluat.vn/van-ban/Trach-nhiem-hinh-su/Bo-luat-to-tung-hinh-su-2015-296884.aspx
102/2018/NĐ-CP	https://thuvienphapluat.vn/van-ban/Tai-chinh-nha-nuoc/Nghi-dinh-102-2018-ND-CP-che-do-ho-tro-va-che-do-dai-ngo-khac-voi-nguoi-co-cong-cach-mang-388308.aspx
103/2007/NĐ-CP	https://thuvienphapluat.vn/van-ban/Bo-may-hanh-chinh/Nghi-dinh-103-2007-ND-CP-trach-nhiem-nguoi-dung-dau-co-quan-to-chuc-don-vi-trach-nhiem-cua-can-bo-cong-vien-chuc-trong-tiet-kiem-chong-lang-phi-21298.aspx
103/2017/NĐ-CP	https://thuvienphapluat.vn/van-ban/Bo-may-hanh-chinh/Nghi-dinh-103-2017-ND-CP-thanh-lap-to-chuc-hoat-dong-giai-the-quan-ly-co-so-tro-giup-xa-hoi-322986.aspx
103/2025/NĐ-CP	https://thuvienphapluat.vn/van-ban/Lao-dong-Tien-luong/Nghi-dinh-103-2025-ND-CP-chinh-sach-co-so-cong-nghiep-quoc-phong-nong-cot-658022.aspx
1042/QĐ-TTg	https://thuvienphapluat.vn/van-ban/Bo-may-hanh-chinh/Quyet-dinh-1042-QD-TTg-2019-ke-hoach-thuc-hien-Phong-thu-dan-su-422255.aspx
105/2016/NĐ-CP	https://thuvienphapluat.vn/van-ban/Bo-may-hanh-chinh/Nghi-dinh-105-2016-ND-CP-to-chuc-kiem-dinh-hieu-chuan-thu-nghiem-phuong-tien-do-chuan-do-luong-2016-315459.aspx
106/2020/NĐ-CP	https://thuvienphapluat.vn/van-ban/Bo-may-hanh-chinh/Nghi-dinh-106-2020-ND-CP-vi-tri-viec-lam-so-luong-nguoi-lam-viec-trong-don-vi-su-nghiep-cong-lap-334382.aspx
106/2024/NĐ-CP	https://thuvienphapluat.vn/van-ban/Linh-vuc-khac/Nghi-dinh-106-2024-ND-CP-chinh-sach-ho-tro-nang-cao-hieu-qua-chan-nuoi-619974.aspx
106/2025/QH15	https://thuvienphapluat.vn/van-ban/Bo-may-hanh-chinh/Luat-Thi-hanh-an-dan-su-2025-so-106-2025-QH15-628717.aspx
107/2018/NĐ-CP	https://thuvienphapluat.vn/van-ban/Thuong-mai/Nghi-dinh-107-2018-ND-CP-kinh-doanh-xuat-khau-gao-391331.aspx
108/2024/NĐ-CP	https://thuvienphapluat.vn/van-ban/Tai-chinh-nha-nuoc/Nghi-dinh-108-2024-ND-CP-quan-ly-dat-cong-khong-su-dung-de-o-giao-cho-to-chuc-kinh-doanh-nha-khai-thac-622425.aspx
109/2022/NĐ-CP	https://thuvienphapluat.vn/van-ban/Giao-duc/Nghi-dinh-109-2022-ND-CP-hoat-dong-khoa-hoc-trong-co-so-giao-duc-dai-hoc-548440.aspx
11-CP	https://thuvienphapluat.vn/van-ban/Bat-dong-san/Nghi-dinh-11-CP-chia-lai-cac-huyen-Nam-Thanh-Kim-Mon-va-Cam-Binh-thanh-lap-thi-tran-Thanh-Ha-thuoc-huyen-Thanh-Ha-tinh-Hai-Duong-40414.aspx
110/2024/NĐ-CP	https://thuvienphapluat.vn/van-ban/Van-hoa-Xa-hoi/Nghi-dinh-110-2024-ND-CP-Cong-tac-xa-hoi-513344.aspx
111/2011/NĐ-CP	https://thuvienphapluat.vn/van-ban/Linh-vuc-khac/Nghi-dinh-111-2011-ND-CP-chung-nhan-hop-phap-hoa-lanh-su-132673.aspx
112/2021/NĐ-CP	https://thuvienphapluat.vn/van-ban/Lao-dong-Tien-luong/Nghi-dinh-112-2021-ND-CP-huong-dan-Luat-Nguoi-lao-dong-di-lam-viec-o-nuoc-ngoai-482323.aspx
112/2025/NĐ-CP	https://thuvienphapluat.vn/van-ban/Dich-vu-phap-ly/Nghi-dinh-112-2025-ND-CP-sua-doi-Nghi-dinh-thuoc-linh-vuc-bo-tro-tu-phap-658959.aspx
115/2018/NĐ-CP	https://thuvienphapluat.vn/van-ban/Vi-pham-hanh-chinh/Nghi-dinh-115-2018-ND-CP-quy-dinh-xu-phat-vi-pham-hanh-chinh-ve-an-toan-thuc-pham-360333.aspx
117/2007/NĐ-CP	https://thuvienphapluat.vn/van-ban/Tai-nguyen-Moi-truong/Nghi-dinh-117-2007-ND-CP-san-xuat-cung-cap-tieu-thu-nuoc-sach-53651.aspx
117/2018/NĐ-CP	https://thuvienphapluat.vn/van-ban/Tien-te-Ngan-hang/Nghi-dinh-117-2018-ND-CP-giu-bi-mat-cung-cap-thong-tin-khach-hang-cua-to-chuc-tin-dung-336189.aspx
118/2014/NĐ-CP	https://thuvienphapluat.vn/van-ban/Doanh-nghiep/Nghi-dinh-118-2014-ND-CP-sap-xep-doi-moi-phat-trien-nang-cao-hieu-qua-hoat-dong-cong-ty-nong-lam-nghiep-260681.aspx
119/2009/QĐ-TTg	https://thuvienphapluat.vn/van-ban/Dau-tu/Quyet-dinh-119-2009-QD-TTg-Quy-che-chuyen-gia-nuoc-ngoai-thuc-hien-cac-chuong-trinh-du-an-ODA-95589.aspx
122/2017/NĐ-CP	https://thuvienphapluat.vn/van-ban/Doanh-nghiep/Nghi-dinh-122-2017-ND-CP-co-che-quan-ly-tai-chinh-danh-gia-doanh-nghiep-kinh-doanh-xo-so-367334.aspx
122/2025/QH15	https://thuvienphapluat.vn/van-ban/Thuong-mai/Luat-Thuong-mai-dien-tu-2025-so-122-2025-QH15-662035.aspx
123/2024/NĐ-CP	https://thuvienphapluat.vn/van-ban/Bat-dong-san/Nghi-dinh-123-2024-ND-CP-xu-phat-vi-pham-hanh-chinh-linh-vuc-dat-dai-626370.aspx
124/2020/NĐ-CP	https://thuvienphapluat.vn/van-ban/Thu-tuc-To-tung/Nghi-dinh-124-2020-ND-CP-huong-dan-thi-hanh-Luat-Khieu-nai-455647.aspx
126/2018/NĐ-CP	https://thuvienphapluat.vn/van-ban/Van-hoa-Xa-hoi/Nghi-dinh-126-2018-ND-CP-thanh-lap-va-hoat-dong-cua-co-so-van-hoa-nuoc-ngoai-tai-Viet-Nam-336356.aspx
128/2000/QĐ-TTg	https://thuvienphapluat.vn/van-ban/Doanh-nghiep/Quyet-dinh-128-2000-QD-TTg-chinh-sach-bien-phap-khuyen-khich-dau-tu-va-phat-trien-cong-nghiep-phan-mem-47041.aspx
13/2012/NĐ-CP	https://thuvienphapluat.vn/van-ban/Linh-vuc-khac/Nghi-dinh-13-2012-ND-CP-Dieu-le-Sang-kien-135584.aspx
13/2024/QĐ-TTg	https://thuvienphapluat.vn/van-ban/Tai-nguyen-Moi-truong/Quyet-dinh-13-2024-QD-TTg-danh-muc-linh-vuc-phat-thai-khi-nha-kinh-phai-thuc-hien-kiem-ke-khi-nha-kinh-583966.aspx
131/2021/NĐ-CP	https://thuvienphapluat.vn/van-ban/Tai-chinh-nha-nuoc/Nghi-dinh-131-2021-ND-CP-huong-dan-Phap-lenh-Uu-dai-nguoi-co-cong-voi-cach-mang-288920.aspx
132/2024/NĐ-CP	https://thuvienphapluat.vn/van-ban/Dau-tu/Nghi-dinh-132-2024-ND-CP-dau-tu-ra-nuoc-ngoai-trong-hoat-dong-dau-khi-627737.aspx
1322/QĐ-TTg	https://thuvienphapluat.vn/van-ban/Doanh-nghiep/Quyet-dinh-1322-QD-TTg-2020-Chuong-trinh-quoc-gia-ho-tro-doanh-nghiep-nang-cao-chat-luong-san-pham-451427.aspx
133/2024/NĐ-CP	https://thuvienphapluat.vn/van-ban/Doanh-nghiep/Nghi-dinh-133-2024-ND-CP-sua-doi-Nghi-dinh-58-2021-ND-CP-cung-ung-dich-vu-thong-tin-tin-dung-628625.aspx
134/2016/NĐ-CP	https://thuvienphapluat.vn/van-ban/Xuat-nhap-khau/Nghi-dinh-134-2016-ND-CP-huong-dan-Luat-thue-xuat-khau-thue-nhap-khau-323602.aspx
135/2025/NĐ-CP	https://thuvienphapluat.vn/van-ban/Tien-te-Ngan-hang/Nghi-dinh-135-2025-ND-CP-che-do-tai-chinh-doi-voi-to-chuc-tin-dung-chi-nhanh-ngan-hang-nuoc-ngoai-615840.aspx
135/2025/QH15	https://thuvienphapluat.vn/van-ban/Xay-dung-Do-thi/Luat-Xay-dung-2025-so-135-2025-QH15-675213.aspx
138/2006/NĐ-CP	https://thuvienphapluat.vn/van-ban/Quyen-dan-su/Nghi-dinh-138-2006-ND-CP-huong-dan-Bo-luat-dan-su-ve-quan-he-dan-su-co-yeu-to-nuoc-ngoai-15476.aspx
139/2006/NĐ-CP	https://thuvienphapluat.vn/van-ban/Lao-dong-Tien-luong/Nghi-dinh-139-2006-ND-CP-day-nghe-huong-dan-Luat-Giao-duc-va-Bo-luat-Lao-dong-19505.aspx
14/2018/NĐ-CP	https://thuvienphapluat.vn/van-ban/Thuong-mai/Nghi-dinh-14-2018-ND-CP-quy-dinh-chi-tiet-ve-hoat-dong-thuong-mai-bien-gioi-373683.aspx
14/2020/QĐ-TTg	https://thuvienphapluat.vn/van-ban/Dau-tu/Quyet-dinh-14-2020-QD-TTg-Quy-che-phoi-hop-giai-quyet-tranh-chap-dau-tu-quoc-te-439411.aspx
140/2018/NĐ-CP	https://thuvienphapluat.vn/van-ban/Dau-tu/Nghi-dinh-140-2018-ND-CP-sua-doi-bo-sung-cac-Nghi-dinh-lien-quan-den-dieu-kien-dau-tu-kinh-doanh-396446.aspx
143/2007/NĐ-CP	https://thuvienphapluat.vn/van-ban/Lao-dong-Tien-luong/Nghi-dinh-143-2007-ND-CP-thu-tuc-thuc-hien-nghi-huu-doi-voi-can-bo-cong-chuc-du-dieu-kien-nghi-huu-55070.aspx
143/2016/NĐ-CP	https://thuvienphapluat.vn/van-ban/Dau-tu/Nghi-dinh-143-2016-ND-CP-dieu-kien-dau-tu-hoat-dong-trong-linh-vuc-giao-duc-nghe-nghiep-326965.aspx
143/2024/NĐ-CP	https://thuvienphapluat.vn/van-ban/Bao-hiem/Nghi-dinh-143-2024-ND-CP-bao-hiem-tai-nan-lao-dong-hinh-thuc-tu-nguyen-khong-theo-hop-dong-lao-dong-357349.aspx
144/2017/NĐ-CP	https://thuvienphapluat.vn/van-ban/Dich-vu-phap-ly/Nghi-dinh-144-2017-ND-CP-huong-dan-Luat-Tro-giup-phap-ly-370030.aspx
1446/QĐ-TTg	https://thuvienphapluat.vn/van-ban/Lao-dong-Tien-luong/Quyet-dinh-1446-QD-TTg-2021-Dao-tao-ky-nang-nguon-nhan-luc-dap-ung-Cach-mang-cong-nghiep-486479.aspx
147/2024/NĐ-CP	https://thuvienphapluat.vn/van-ban/Cong-nghe-thong-tin/Nghi-dinh-147-2024-ND-CP-quan-ly-cung-cap-su-dung-dich-vu-Internet-thong-tin-tren-mang-480755.aspx
15/2012/QH13	https://thuvienphapluat.vn/van-ban/Vi-pham-hanh-chinh/Luat-xu-ly-vi-pham-hanh-chinh-2012-142766.aspx
15/2017/QH14	https://thuvienphapluat.vn/van-ban/Tai-chinh-nha-nuoc/Luat-Quan-ly-su-dung-tai-san-cong-2017-322220.aspx
15/2020/NĐ-CP	https://thuvienphapluat.vn/van-ban/Cong-nghe-thong-tin/Nghi-dinh-15-2020-ND-CP-xu-phat-vi-pham-hanh-chinh-linh-vuc-buu-chinh-vien-thong-tan-so-vo-tuyen-dien-350499.aspx
15/2023/QH15	https://thuvienphapluat.vn/van-ban/The-thao-Y-te/Luat-15-2023-QH15-kham-benh-chua-benh-372143.aspx
15/2025/QĐ-TTg	https://thuvienphapluat.vn/van-ban/Tai-chinh-nha-nuoc/Quyet-dinh-15-2025-QD-TTg-tieu-chuan-dinh-muc-su-dung-may-moc-thiet-bi-660834.aspx
15/2026/NĐ-CP	https://thuvienphapluat.vn/van-ban/Bo-may-hanh-chinh/Nghi-dinh-15-2026-ND-CP-sua-doi-Nghi-dinh-de-cat-giam-thu-tuc-hanh-chinh-san-xuat-Bo-Khoa-hoc-689697.aspx
150/2025/QH15	https://thuvienphapluat.vn/van-ban/Bo-may-hanh-chinh/Luat-Toa-an-chuyen-biet-tai-Trung-tam-tai-chinh-quoc-te-2025-so-150-2025-QH15-685773.aspx
151/2013/NĐ-CP	https://thuvienphapluat.vn/van-ban/Doanh-nghiep/Nghi-dinh-151-2013-ND-CP-chuc-nang-nhiem-vu-Tong-cong-ty-Dau-tu-va-Kinh-doanh-von-nha-nuoc-211683.aspx
156/2020/NĐ-CP	https://thuvienphapluat.vn/van-ban/Chung-khoan/Nghi-dinh-156-2020-ND-CP-quy-dinh-xu-phat-vi-pham-hanh-chinh-trong-linh-vuc-chung-khoan-461194.aspx
158/2006/NĐ-CP	https://thuvienphapluat.vn/van-ban/Thuong-mai/Nghi-dinh-158-2006-ND-CP-huong-dan-Luat-Thuong-mai-hoat-dong-mua-ban-hang-hoa-qua-So-Giao-dich-hang-hoa-16179.aspx
158/2024/NĐ-CP	https://thuvienphapluat.vn/van-ban/Giao-thong-Van-tai/Nghi-dinh-158-2024-ND-CP-quy-dinh-hoat-dong-van-tai-duong-bo-636875.aspx
159/2020/NĐ-CP	https://thuvienphapluat.vn/van-ban/Doanh-nghiep/Nghi-dinh-159-2020-ND-CP-quan-ly-nguoi-giu-chuc-danh-chuc-vu-tai-doanh-nghiep-100-von-Nha-nuoc-461728.aspx
159/2025/NĐ-CP	https://thuvienphapluat.vn/van-ban/Bao-hiem/Nghi-dinh-159-2025-ND-CP-huong-dan-Luat-Bao-hiem-xa-hoi-ve-bao-hiem-xa-hoi-tu-nguyen-634788.aspx
16/2022/NĐ-CP	https://thuvienphapluat.vn/van-ban/Vi-pham-hanh-chinh/Nghi-dinh-16-2022-ND-CP-quy-dinh-xu-phat-vi-pham-hanh-chinh-ve-xay-dung-502065.aspx
16/2023/QH15	https://thuvienphapluat.vn/van-ban/Tai-chinh-nha-nuoc/Luat-Gia-2023-16-2023-QH15-519324.aspx
160/2025/NĐ-CP	https://thuvienphapluat.vn/van-ban/Cong-nghe-thong-tin/Nghi-dinh-160-2025-ND-CP-quy-dinh-ve-Quy-Phat-trien-du-lieu-quoc-gia-662832.aspx
162/2025/NĐ-CP	https://thuvienphapluat.vn/van-ban/Trach-nhiem-hinh-su/Nghi-dinh-162-2025-ND-CP-huong-dan-Luat-Phong-chong-mua-ban-nguoi-663357.aspx
163/2017/NĐ-CP	https://thuvienphapluat.vn/van-ban/Thuong-mai/Nghi-dinh-163-2017-ND-CP-quy-dinh-kinh-doanh-dich-vu-logistics-321911.aspx
163/2025/NĐ-CP	https://thuvienphapluat.vn/van-ban/The-thao-Y-te/Nghi-dinh-163-2025-ND-CP-huong-dan-va-bien-phap-de-to-chuc-thi-hanh-Luat-Duoc-636862.aspx
164/2025/NĐ-CP	https://thuvienphapluat.vn/van-ban/Bao-hiem/Nghi-dinh-164-2025-ND-CP-giao-dich-dien-tu-trong-linh-vuc-bao-hiem-xa-hoi-663153.aspx
165/2007/NĐ-CP	https://thuvienphapluat.vn/van-ban/Tien-te-Ngan-hang/Nghi-dinh-165-2007-ND-CP-to-chuc-hoat-dong-to-chuc-tai-chinh-quy-mo-nho-tai-Viet-Nam-sua-doi-ND-28-2005-ND-CP-58611.aspx
165/2025/NĐ-CP	https://thuvienphapluat.vn/van-ban/Cong-nghe-thong-tin/Nghi-dinh-165-2025-ND-CP-huong-dan-Luat-Du-lieu-663547.aspx
166/2016/NĐ-CP	https://thuvienphapluat.vn/van-ban/Bao-hiem/Nghi-dinh-166-2016-ND-CP-giao-dich-dien-tu-trong-linh-vuc-bao-hiem-xa-hoi-bao-hiem-y-te-bao-hiem-that-nghiep-318793.aspx
166/2017/NĐ-CP	https://thuvienphapluat.vn/van-ban/Bo-may-hanh-chinh/Nghi-dinh-166-2017-ND-CP-che-do-quan-ly-su-dung-tai-san-cong-cua-co-quan-Viet-Nam-o-nuoc-ngoai-373801.aspx
168/2016/NĐ-CP	https://thuvienphapluat.vn/van-ban/Bat-dong-san/Nghi-dinh-168-2016-ND-CP-khoan-rung-vuon-cay-dien-tich-mat-nuoc-ban-quan-ly-rung-dac-dung-phong-ho-336202.aspx
168/2017/NĐ-CP	https://thuvienphapluat.vn/van-ban/Van-hoa-Xa-hoi/Nghi-dinh-168-2017-ND-CP-huong-dan-Luat-du-lich-356282.aspx
169/2025/NĐ-CP	https://thuvienphapluat.vn/van-ban/Cong-nghe-thong-tin/Nghi-dinh-169-2025-ND-CP-hoat-dong-khoa-hoc-cong-nghe-doi-moi-sang-tao-663322.aspx
17/2012/NĐ-CP	https://thuvienphapluat.vn/van-ban/Ke-toan-Kiem-toan/Nghi-dinh-17-2012-ND-CP-huong-dan-Luat-kiem-toan-doc-lap-136038.aspx
17/2023/QH15	https://thuvienphapluat.vn/van-ban/Doanh-nghiep/Luat-Hop-tac-xa-2023-17-2023-QH15-499239.aspx
170/1999/QĐ-TTg	https://thuvienphapluat.vn/van-ban/Tien-te-Ngan-hang/Quyet-dinh-170-1999-QD-TTg-khuyen-khich-nguoi-Viet-Nam-o-nuoc-ngoai-chuyen-tien-ve-nuoc-45592.aspx
170/2025/NĐ-CP	https://thuvienphapluat.vn/van-ban/Bo-may-hanh-chinh/Nghi-dinh-170-2025-ND-CP-su-dung-va-quan-ly-cong-chuc-663212.aspx
171/2025/NĐ-CP	https://thuvienphapluat.vn/van-ban/Bo-may-hanh-chinh/Nghi-dinh-171-2025-ND-CP-quy-dinh-ve-dao-tao-boi-duong-cong-chuc-663215.aspx
174/2024/NĐ-CP	https://thuvienphapluat.vn/van-ban/Bao-hiem/Nghi-dinh-174-2024-ND-CP-xu-phat-vi-pham-hanh-chinh-linh-vuc-kinh-doanh-bao-hiem-597696.aspx
1743/QĐ-TTg	https://thuvienphapluat.vn/van-ban/Bo-may-hanh-chinh/Quyet-dinh-1743-QD-TTg-2025-Danh-sach-don-vi-su-nghiep-cong-lap-truc-thuoc-Bo-Tai-chinh-669342.aspx
175/2024/NĐ-CP	https://thuvienphapluat.vn/van-ban/Xay-dung-Do-thi/Nghi-dinh-175-2024-ND-CP-huong-dan-Luat-Xay-dung-ve-quan-ly-du-an-dau-tu-xay-dung-609382.aspx
178/2024/NĐ-CP	https://thuvienphapluat.vn/van-ban/Bo-may-hanh-chinh/Nghi-dinh-178-2024-ND-CP-chinh-sach-che-do-can-bo-cong-vien-chuc-thuc-hien-sap-xep-bo-may-chinh-tri-638054.aspx
180/2025/NĐ-CP	https://thuvienphapluat.vn/van-ban/Dau-tu/Nghi-dinh-180-2025-ND-CP-chinh-sach-hop-tac-cong-tu-linh-vuc-phat-trien-khoa-hoc-cong-nghe-663545.aspx
182/2024/NĐ-CP	https://thuvienphapluat.vn/van-ban/Doanh-nghiep/Nghi-dinh-182-2024-ND-CP-quan-ly-su-dung-Quy-Ho-tro-dau-tu-638056.aspx
1833/QĐ-TTg	https://thuvienphapluat.vn/van-ban/Lao-dong-Tien-luong/Quyet-dinh-1833-QD-TTg-Quy-hoach-mang-luoi-cac-Trung-tam-dich-vu-viec-lam-2015-294742.aspx
186/2025/NĐ-CP	https://thuvienphapluat.vn/van-ban/Tai-chinh-nha-nuoc/Nghi-dinh-186-2025-ND-CP-huong-dan-Luat-Quan-ly-su-dung-tai-san-cong-664470.aspx
188/1999/QĐ-TTg	https://thuvienphapluat.vn/van-ban/Lao-dong-Tien-luong/Quyet-dinh-188-1999-QD-TTg-thuc-hien-che-do-tuan-lam-viec-40-gio-45707.aspx
188/2025/NĐ-CP	https://thuvienphapluat.vn/van-ban/Bao-hiem/Nghi-dinh-188-2025-ND-CP-huong-dan-Luat-Bao-hiem-y-te-641049.aspx
19/2012/QH13	https://thuvienphapluat.vn/van-ban/Van-hoa-Xa-hoi/Luat-xuat-ban-2012-19-2012-QH13-152712.aspx
19/2020/NĐ-CP	https://thuvienphapluat.vn/van-ban/Bo-may-hanh-chinh/Nghi-dinh-19-2020-ND-CP-kiem-tra-xu-ly-ky-luat-trong-thi-hanh-phap-luat-ve-xu-ly-vi-pham-hanh-chinh-434431.aspx
19/2022/NĐ-CP	https://thuvienphapluat.vn/van-ban/Lao-dong-Tien-luong/Nghi-dinh-19-2022-ND-CP-chinh-sach-quan-nhan-cong-nhan-va-vien-chuc-quoc-phong-chuyen-nganh-504264.aspx
2-CP	https://thuvienphapluat.vn/van-ban/Doanh-nghiep/Nghi-dinh-2-CP-phe-chuan-dieu-le-to-chuc-va-hoat-dong-cua-tong-cong-ty-hoa-chat-Viet-Nam-39652.aspx
20/2006/NĐ-CP	https://thuvienphapluat.vn/van-ban/Doanh-nghiep/Nghi-dinh-20-2006-ND-CP-huong-dan-Luat-Thuong-mai-ve-kinh-doanh-dich-vu-giam-dinh-thuong-mai-9138.aspx
20/2008/NĐ-CP	https://thuvienphapluat.vn/van-ban/Bo-may-hanh-chinh/Nghi-dinh-20-2008-ND-CP-tiep-nhan-xu-ly-phan-anh-kien-nghi-cua-ca-nhan-to-chuc-ve-quy-dinh-hanh-chinh-62386.aspx
20/2025/NĐ-CP	https://thuvienphapluat.vn/van-ban/Doanh-nghiep/Nghi-dinh-20-2025-ND-CP-sua-doi-Nghi-dinh-132-2020-ND-%d0%a1%d0%a0-quan-ly-thue-doanh-nghiep-co-giao-dich-lien-ket-642785.aspx
204/2025/NĐ-CP	https://thuvienphapluat.vn/van-ban/Thu-tuc-To-tung/Nghi-dinh-204-2025-ND-CP-huong-dan-trinh-tu-thu-tuc-thanh-toan-kinh-phi-chi-tra-chi-phi-to-tung-664702.aspx
2072/QĐ-TTg	https://thuvienphapluat.vn/van-ban/Bo-may-hanh-chinh/Quyet-dinh-2072-QD-TTg-2025-Ke-hoach-trien-khai-thi-hanh-Luat-duong-sat-673335.aspx
2074/QĐ-TTg	https://thuvienphapluat.vn/van-ban/Doanh-nghiep/Quyet-dinh-2074-QD-TTg-2025-De-an-xay-dung-Co-so-du-lieu-doanh-nghiep-673042.aspx
217-CP	https://thuvienphapluat.vn/van-ban/Lao-dong-Tien-luong/Quyet-dinh-217-CP-giao-Bo-Lao-dong-nhiem-vu-dieu-dong-lao-dong-dan-cu-ca-nuoc-43200.aspx
219/2013/NĐ-CP	https://thuvienphapluat.vn/van-ban/Doanh-nghiep/Nghi-dinh-219-2013-ND-CP-quan-ly-vay-tra-no-nuoc-ngoai-doanh-nghiep-khong-duoc-Chinh-phu-bao-lanh-217812.aspx
22/2017/NĐ-CP	https://thuvienphapluat.vn/van-ban/Thuong-mai/Nghi-dinh-22-2017-ND-CP-hoa-giai-thuong-mai-280010.aspx
22/2026/NĐ-CP	https://thuvienphapluat.vn/van-ban/Linh-vuc-khac/Nghi-dinh-22-2026-ND-CP-huong-dan-Luat-Tieu-chuan-va-quy-chuan-ky-thuat-690120.aspx
228/2003/QĐ-TTg	https://thuvienphapluat.vn/van-ban/Dau-tu/Quyet-dinh-228-2003-QD-TTg-thi-diem-cho-thue-quan-ly-khai-thac-ket-cau-ha-tang-cau-cang-Cai-Lan-51567.aspx
23/2004/QH11	https://thuvienphapluat.vn/van-ban/Giao-thong-Van-tai/Luat-Giao-thong-duong-thuy-noi-dia-2004-23-2004-QH11-52184.aspx
23/2017/QĐ-TTg	https://thuvienphapluat.vn/van-ban/Doanh-nghiep/Quyet-dinh-23-2017-QD-TTg-sua-doi-246-2006-QD-TTg-Quy-Ho-tro-phat-trien-hop-tac-xa-352897.aspx
23/2024/NĐ-CP	https://thuvienphapluat.vn/van-ban/Dau-tu/Nghi-dinh-23-2024-ND-CP-huong-dan-Luat-Dau-thau-lua-chon-nha-dau-tu-thuc-hien-du-an-578279.aspx
23/2025/NĐ-CP	https://thuvienphapluat.vn/van-ban/Cong-nghe-thong-tin/Nghi-dinh-23-2025-ND-CP-chu-ky-dien-tu-va-dich-vu-tin-cay-644185.aspx
231/2006/QĐ-TTg	https://thuvienphapluat.vn/van-ban/Tai-chinh-nha-nuoc/Quyet-dinh-231-2006-QD-TTg-Quy-che-xay-dung-quan-ly-he-thong-chi-tieu-danh-gia-giam-sat-tinh-trang-no-nuoc-ngoai-quoc-gia-14745.aspx
231/2025/NĐ-CP	https://thuvienphapluat.vn/van-ban/Bo-may-hanh-chinh/Nghi-dinh-231-2025-ND-CP-tuyen-chon-Tong-cong-trinh-su-ve-khoa-hoc-cong-nghe-doi-moi-sang-tao-670866.aspx
233/2025/NĐ-CP	https://thuvienphapluat.vn/van-ban/Bao-hiem/Nghi-dinh-233-2025-ND-CP-co-che-tai-chinh-ve-bao-hiem-xa-hoi-bao-hiem-that-nghiep-670873.aspx
235-HĐBT	https://thuvienphapluat.vn/van-ban/Lao-dong-Tien-luong/Nghi-dinh-235-HDBT-cai-tien-che-do-tien-luong-cua-cong-nhan-vien-chuc-va-cac-luc-luong-vu-trang-43381.aspx
24/2022/NĐ-CP	https://thuvienphapluat.vn/van-ban/Dau-tu/Nghi-dinh-24-2022-ND-CP-sua-doi-Nghi-dinh-dieu-kien-dau-tu-linh-vuc-giao-duc-nghe-nghiep-509592.aspx
248/2025/NĐ-CP	https://thuvienphapluat.vn/van-ban/Doanh-nghiep/Nghi-dinh-248-2025-ND-CP-che-do-tien-luong-Kiem-soat-vien-trong-doanh-nghiep-nha-nuoc-673078.aspx
25/2008/QH12	https://thuvienphapluat.vn/van-ban/Bo-may-hanh-chinh/Nghi-quyet-25-2008-QH12-keo-dai-nhiem-ky-hoat-dong-2004-2009-cua-Hoi-dong-nhan-dan-va-Uy-ban-nhan-dan-cac-cap-81884.aspx
25/2016/NĐ-CP	https://thuvienphapluat.vn/van-ban/Doanh-nghiep/Nghi-dinh-25-2016-ND-CP-dieu-le-to-chuc-hoat-dong-tap-doan-buu-chinh-vien-thong-Viet-Nam-308264.aspx
25/2017/NĐ-CP	https://thuvienphapluat.vn/van-ban/Tai-chinh-nha-nuoc/Nghi-dinh-25-2017-ND-CP-bao-cao-tai-chinh-nha-nuoc-321445.aspx
250/2025/NĐ-CP	https://thuvienphapluat.vn/van-ban/Thu-tuc-To-tung/Nghi-dinh-250-2025-ND-CP-huong-dan-thanh-lap-va-hoat-dong-cua-Hoi-dong-dinh-gia-tai-san-673804.aspx
257/2025/NĐ-CP	https://thuvienphapluat.vn/van-ban/Dau-tu/Nghi-dinh-257-2025-ND-CP-huong-dan-thuc-hien-du-an-ap-dung-loai-hop-dong-Xay-dung-Chuyen-giao-675635.aspx
258/2025/NĐ-CP	https://thuvienphapluat.vn/van-ban/Xay-dung-Do-thi/Nghi-dinh-258-2025-ND-CP-quan-ly-cay-xanh-cong-vien-do-thi-638692.aspx
27/2019/NĐ-CP	https://thuvienphapluat.vn/van-ban/Bat-dong-san/Nghi-dinh-27-2019-ND-CP-huong-dan-Luat-Do-dac-va-ban-do-387695.aspx
28-HĐBT	https://thuvienphapluat.vn/van-ban/Dau-tu/Nghi-dinh-28-HDBT-huong-dan-thi-hanh-Luat-Dau-tu-nuoc-ngoai-tai-Viet-Nam-38085.aspx
28/2012/NĐ-CP	https://thuvienphapluat.vn/van-ban/Van-hoa-Xa-hoi/Nghi-dinh-28-2012-ND-CP-huong-dan-Luat-nguoi-khuyet-tat-137918.aspx
28/2014/NĐ-CP	https://thuvienphapluat.vn/van-ban/Doanh-nghiep/Nghi-dinh-28-2014-ND-CP-Dieu-le-to-chuc-hoat-dong-Tap-doan-Cong-nghiep-Cao-su-Viet-Nam-225999.aspx
28/2018/NĐ-CP	https://thuvienphapluat.vn/van-ban/Thuong-mai/Nghi-dinh-28-2018-ND-CP-huong-dan-Luat-Quan-ly-ngoai-thuong-ve-bien-phap-phat-trien-ngoai-thuong-376024.aspx
282/2025/NĐ-CP	https://thuvienphapluat.vn/van-ban/Vi-pham-hanh-chinh/Nghi-dinh-282-2025-ND-CP-xu-phat-vi-pham-hanh-chinh-linh-vuc-an-ninh-trat-tu-an-toan-xa-hoi-679658.aspx
29/2026/NĐ-CP	https://thuvienphapluat.vn/van-ban/Tai-nguyen-Moi-truong/Nghi-dinh-29-2026-ND-CP-San-giao-dich-cac-bon-trong-nuoc-649674.aspx
293/2025/NĐ-CP	https://thuvienphapluat.vn/van-ban/Lao-dong-Tien-luong/Nghi-dinh-293-2025-ND-CP-quy-dinh-muc-luong-toi-thieu-lao-dong-lam-viec-theo-hop-dong-lao-dong-665866.aspx
30/2020/NĐ-CP	https://thuvienphapluat.vn/van-ban/Bo-may-hanh-chinh/Nghi-dinh-30-2020-ND-CP-cong-tac-van-thu-436532.aspx
304/2025/NĐ-CP	https://thuvienphapluat.vn/van-ban/Tien-te-Ngan-hang/Nghi-dinh-304-2025-ND-CP-dieu-kien-tai-san-bao-dam-cua-khoan-no-xau-duoc-thu-giu-681932.aspx
31/2007/QĐ-TTg	https://thuvienphapluat.vn/van-ban/Tien-te-Ngan-hang/Quyet-dinh-31-2007-QD-TTg-tin-dung-ho-gia-dinh-san-xuat-kinh-doanh-vung-kho-khan-17023.aspx
31/2015/NĐ-CP	https://thuvienphapluat.vn/van-ban/Lao-dong-Tien-luong/Nghi-dinh-31-2015-ND-CP-huong-dan-Luat-Viec-lam-ve-danh-gia-cap-chung-chi-ky-nang-nghe-quoc-gia-269783.aspx
31/2016/NĐ-CP	https://thuvienphapluat.vn/van-ban/Vi-pham-hanh-chinh/Nghi-dinh-31-2016-ND-CP-xu-phat-vi-pham-hanh-chinh-linh-vuc-giong-cay-trong-bao-ve-thuc-vat-2016-310703.aspx
31/2018/QH14	https://thuvienphapluat.vn/van-ban/Linh-vuc-khac/Luat-Trong-trot-2018-336355.aspx
31/2022/NĐ-CP	https://thuvienphapluat.vn/van-ban/Doanh-nghiep/Nghi-dinh-31-2022-ND-CP-ho-tro-lai-suat-tu-ngan-sach-nha-nuoc-khoan-vay-cua-doanh-nghiep-513904.aspx
31/2023/NĐ-CP	https://thuvienphapluat.vn/van-ban/Vi-pham-hanh-chinh/Nghi-dinh-31-2023-ND-CP-xu-phat-vi-pham-hanh-chinh-Trong-trot-569100.aspx
318/2025/NĐ-CP	https://thuvienphapluat.vn/van-ban/Lao-dong-Tien-luong/Nghi-dinh-318-2025-ND-CP-huong-dan-Luat-Viec-lam-ve-dang-ky-lao-dong-684385.aspx
32/2017/NĐ-CP	https://thuvienphapluat.vn/van-ban/Dau-tu/Nghi-dinh-32-2017-ND-CP-tin-dung-dau-tu-cua-Nha-nuoc-345087.aspx
32/2018/QH14	https://thuvienphapluat.vn/van-ban/Linh-vuc-khac/Luat-Chan-nuoi-2018-353242.aspx
32/2024/NĐ-CP	https://thuvienphapluat.vn/van-ban/Thuong-mai/Nghi-dinh-32-2024-ND-CP-quan-ly-phat-trien-cum-cong-nghiep-300484.aspx
32/2024/QH15	https://thuvienphapluat.vn/van-ban/Tien-te-Ngan-hang/Luat-Cac-to-chuc-tin-dung-32-2024-QH15-577203.aspx
33/2016/QĐ-TTg	https://thuvienphapluat.vn/van-ban/Xuat-nhap-khau/Quyet-dinh-33-2016-QD-TTg-quy-che-cung-cap-su-dung-thong-tin-to-khai-hai-quan-dien-tu-320322.aspx
33/2026/NĐ-CP	https://thuvienphapluat.vn/van-ban/Tai-nguyen-Moi-truong/Nghi-dinh-33-2026-ND-CP-sua-doi-cac-Nghi-dinh-linh-vuc-trong-trot-bao-ve-thuc-vat-690744.aspx
330/2005/QĐ-TTg	https://thuvienphapluat.vn/van-ban/Doanh-nghiep/Quyet-dinh-330-2005-QD-TTg-Quy-che-ban-dau-gia-cong-ty-nha-nuoc-7195.aspx
338/2025/NĐ-CP	https://thuvienphapluat.vn/van-ban/Lao-dong-Tien-luong/Nghi-dinh-338-2025-ND-CP-huong-dan-Luat-Viec-lam-chinh-sach-ho-tro-tao-viec-lam-686447.aspx
340/2025/NĐ-CP	https://thuvienphapluat.vn/van-ban/Tien-te-Ngan-hang/Nghi-dinh-340-2025-ND-CP-quy-dinh-xu-phat-vi-pham-hanh-chinh-trong-linh-vuc-tien-te-va-ngan-hang-632998.aspx
341/2025/NĐ-CP	https://thuvienphapluat.vn/van-ban/So-huu-tri-tue/Nghi-dinh-341-2025-ND-CP-xu-phat-vi-pham-hanh-chinh-quyen-tac-gia-quyen-lien-quan-578605.aspx
342/2025/NĐ-CP	https://thuvienphapluat.vn/van-ban/Thuong-mai/Nghi-dinh-342-2025-ND-CP-huong-dan-Luat-Quang-cao-687658.aspx
344/TTg	https://thuvienphapluat.vn/van-ban/Dau-tu/Quyet-dinh-344-TTg-phe-duyet-Du-an-dau-tu-khu-vuc-trung-tam-Chi-Linh-thanh-pho-Vung-Tau-39719.aspx
35/2006/NĐ-CP	https://thuvienphapluat.vn/van-ban/Thuong-mai/Nghi-dinh-35-2006-ND-CP-hoat-dong-nhuong-quyen-thuong-mai-huong-dan-Luat-Thuong-mai-10824.aspx
35/2019/QĐ-TTg	https://thuvienphapluat.vn/van-ban/Xuat-nhap-khau/Quyet-dinh-35-2019-QD-TTg-Quy-che-phoi-hop-lien-nganh-quan-ly-hoat-dong-nhap-khau-phe-lieu-431383.aspx
35/2020/NĐ-CP	https://thuvienphapluat.vn/van-ban/Thuong-mai/Nghi-dinh-35-2020-ND-CP-huong-dan-Luat-Canh-tranh-398083.aspx
35/2022/NĐ-CP	https://thuvienphapluat.vn/van-ban/Thuong-mai/Nghi-dinh-35-2022-ND-CP-quan-ly-khu-cong-nghiep-kinh-te-482305.aspx
35/2024/QH15	https://thuvienphapluat.vn/van-ban/Giao-thong-Van-tai/Luat-Duong-bo-2024-588811.aspx
35/2026/NĐ-CP	https://thuvienphapluat.vn/van-ban/Xay-dung-Do-thi/Nghi-dinh-35-2026-ND-CP-huong-dan-Nghi-quyet-ve-phan-loai-do-thi-286990.aspx
352/2025/NĐ-CP	https://thuvienphapluat.vn/van-ban/Lao-dong-Tien-luong/Nghi-dinh-352-2025-ND-CP-quy-dinh-chi-tiet-Luat-Viec-lam-dich-vu-viec-lam-687431.aspx
353/2025/NĐ-CP	https://thuvienphapluat.vn/van-ban/Cong-nghe-thong-tin/Nghi-dinh-353-2025-ND-CP-huong-dan-Luat-Cong-nghiep-cong-nghe-so-688798.aspx
356/2025/NĐ-CP	https://thuvienphapluat.vn/van-ban/Quyen-dan-su/Nghi-dinh-356-2025-ND-CP-huong-dan-Luat-Bao-ve-du-lieu-ca-nhan-687428.aspx
36/2018/QH14	https://thuvienphapluat.vn/van-ban/Bo-may-hanh-chinh/Luat-Phong-chong-tham-nhung-322049.aspx
36/2021/NĐ-CP	https://thuvienphapluat.vn/van-ban/Doanh-nghiep/Nghi-dinh-36-2021-ND-CP-Quy-che-quan-ly-tai-chinh-cua-Cong-ty-me-Tap-doan-Dau-khi-Viet-Nam-469159.aspx
365/2025/NĐ-CP	https://thuvienphapluat.vn/van-ban/Doanh-nghiep/Nghi-dinh-365-2025-ND-CP-cong-khai-thong-tin-trong-quan-ly-va-dau-tu-von-nha-nuoc-tai-doanh-nghiep-687425.aspx
366/2025/NĐ-CP	https://thuvienphapluat.vn/van-ban/Doanh-nghiep/Nghi-dinh-366-2025-ND-CP-quan-ly-va-dau-tu-von-nha-nuoc-tai-doanh-nghiep-687426.aspx
37/1998/QĐ-TTg	https://thuvienphapluat.vn/van-ban/Tien-te-Ngan-hang/Quyet-dinh-37-1998-QD-TTg-bien-phap-quan-ly-ngoai-te-41457.aspx
37/2015/NĐ-CP	https://thuvienphapluat.vn/van-ban/Xay-dung-Do-thi/Nghi-dinh-37-2015-ND-CP-hop-dong-xay-dung-272352.aspx
37/2026/NĐ-CP	https://thuvienphapluat.vn/van-ban/Thuong-mai/Nghi-dinh-37-2026-ND-CP-bien-phap-to-chuc-Luat-Chat-luong-san-pham-hang-hoa-691138.aspx
372/2025/NĐ-CP	https://thuvienphapluat.vn/van-ban/Lao-dong-Tien-luong/Nghi-dinh-372-2025-ND-CP-sua-doi-Nghi-dinh-112-2021-ND-CP-688158.aspx
373/2025/NĐ-CP	https://thuvienphapluat.vn/van-ban/Thue-Phi-Le-Phi/Nghi-dinh-373-2025-ND-CP-sua-doi-126-2020-ND-CP-huong-dan-Luat-Quan-ly-thue-542362.aspx
38/2021/NĐ-CP	https://thuvienphapluat.vn/van-ban/Thuong-mai/Nghi-dinh-38-2021-ND-CP-xu-phat-vi-pham-hanh-chinh-trong-linh-vuc-van-hoa-quang-cao-469165.aspx
39/2000/QĐ-TTg	https://thuvienphapluat.vn/van-ban/Thue-Phi-Le-Phi/Quyet-dinh-39-2000-QD-TTg-uu-dai-thue-hoat-dong-kinh-doanh-chung-khoan-46243.aspx
40/2018/NĐ-CP	https://thuvienphapluat.vn/van-ban/Thuong-mai/Nghi-dinh-40-2018-ND-CP-quan-ly-hoat-dong-kinh-doanh-theo-phuong-thuc-da-cap-329753.aspx
40/2019/QH14	https://thuvienphapluat.vn/van-ban/Xay-dung-Do-thi/Luat-Kien-truc-2019-384114.aspx
412/QĐ-TTg	https://thuvienphapluat.vn/van-ban/Thuong-mai/Quyet-dinh-412-QD-TTg-2024-phe-duyet-Phuong-an-don-gian-hoa-quy-dinh-kinh-doanh-Bo-Tai-chinh-609850.aspx
42/2013/QH13	https://thuvienphapluat.vn/van-ban/Bo-may-hanh-chinh/Luat-tiep-cong-dan-2013-215839.aspx
42/2014/QĐ-TTg	https://thuvienphapluat.vn/van-ban/Bo-may-hanh-chinh/Quyet-dinh-42-2014-QD-TTg-Quy-che-theo-doi-don-doc-kiem-tra-viec-thuc-hien-nhiem-vu-241339.aspx
42/2022/NĐ-CP	https://thuvienphapluat.vn/van-ban/Cong-nghe-thong-tin/Nghi-dinh-42-2022-ND-CP-cung-cap-thong-tin-dich-vu-cong-truc-tuyen-tren-moi-truong-mang-518831.aspx
43/2022/NĐ-CP	https://thuvienphapluat.vn/van-ban/Xay-dung-Do-thi/Nghi-dinh-43-2022-ND-CP-quan-ly-su-dung-tai-san-ket-cau-ha-tang-cap-nuoc-sach-519947.aspx
443/QĐ-TTg	https://thuvienphapluat.vn/van-ban/Doanh-nghiep/Quyet-dinh-443-QD-TTg-ho-tro-lai-suat-to-chuc-ca-nhan-vay-von-trung-dai-han-ngan-hang-dau-tu-moi-phat-trien-san-xuat-kinh-doanh-86822.aspx
45/2009/QH12	https://thuvienphapluat.vn/van-ban/Thue-Phi-Le-Phi/Luat-thue-tai-nguyen-nam-2009-98731.aspx
45/2019/NĐ-CP	https://thuvienphapluat.vn/van-ban/Vi-pham-hanh-chinh/Nghi-dinh-45-2019-ND-CP-quy-dinh-xu-phat-vi-pham-hanh-chinh-trong-linh-vuc-du-lich-414619.aspx
45/2020/NĐ-CP	https://thuvienphapluat.vn/van-ban/Cong-nghe-thong-tin/Nghi-dinh-45-2020-ND-CP-thuc-hien-thu-tuc-hanh-chinh-tren-moi-truong-dien-tu-426372.aspx
45/2023/NĐ-CP	https://thuvienphapluat.vn/van-ban/Tai-nguyen-Moi-truong/Nghi-dinh-45-2023-ND-CP-huong-dan-Luat-Dau-khi-571537.aspx
45/2026/NĐ-CP	https://thuvienphapluat.vn/van-ban/Cong-nghe-thong-tin/Nghi-dinh-45-2026-ND-CP-quan-ly-dau-tu-ung-dung-cong-nghe-thong-tin-su-dung-nguon-von-nha-nuoc-616621.aspx
46/2021/NĐ-CP	https://thuvienphapluat.vn/van-ban/Tien-te-Ngan-hang/Nghi-dinh-46-2021-ND-CP-che-do-quan-ly-tai-chinh-danh-gia-hieu-qua-Ngan-hang-Phat-trien-Viet-Nam-469455.aspx
46/2023/NĐ-CP	https://thuvienphapluat.vn/van-ban/Bao-hiem/Nghi-dinh-46-2023-ND-CP-huong-dan-Luat-Kinh-doanh-bao-hiem-571445.aspx
46/2024/QH15	https://thuvienphapluat.vn/van-ban/Dich-vu-phap-ly/Luat-cong-chung-2024-so-46-2024-QH15-524982.aspx
47/2013/QĐ-TTg	https://thuvienphapluat.vn/van-ban/Bo-may-hanh-chinh/Quyet-dinh-47-2013-QD-TTg-thanh-lap-Quy-phong-chong-tac-hai-cua-thuoc-la-202654.aspx
47/2026/NĐ-CP	https://thuvienphapluat.vn/van-ban/Vi-pham-hanh-chinh/Nghi-dinh-47-2026-ND-CP-sua-doi-Nghi-dinh-138-2021-ND-CP-693356.aspx
48/2010/QH12	https://thuvienphapluat.vn/van-ban/Thue-Phi-Le-Phi/Luat-thue-su-dung-dat-phi-nong-nghiep-2010-108065.aspx
48/2019/NĐ-CP	https://thuvienphapluat.vn/van-ban/Giao-thong-Van-tai/Nghi-dinh-48-2019-ND-CP-quan-ly-hoat-dong-cua-phuong-tien-du-lich-the-thao-vui-choi-giai-tri-duoi-nuoc-368013.aspx
49/2005/QH11	https://thuvienphapluat.vn/van-ban/Tien-te-Ngan-hang/Luat-Cac-cong-cu-chuyen-nhuong-2005-49-2005-QH11-7023.aspx
49/2010/QH12	https://thuvienphapluat.vn/van-ban/Cong-nghe-thong-tin/Luat-buu-chinh-2010-108080.aspx
49/2015/QĐ-TTg	https://thuvienphapluat.vn/van-ban/Tai-chinh-nha-nuoc/Quyet-dinh-49-2015-QD-TTg-che-do-chinh-sach-dan-cong-hoa-tuyen-tham-gia-chien-tranh-bao-ve-To-quoc-293044.aspx
49/2018/QĐ-TTg	https://thuvienphapluat.vn/van-ban/Tai-chinh-nha-nuoc/Quyet-dinh-49-2018-QD-TTg-Dieu-le-to-chuc-va-hoat-dong-cua-Quy-Ho-tro-phat-trien-du-lich-367511.aspx
49/2025/NĐ-CP	https://thuvienphapluat.vn/van-ban/Thue-Phi-Le-Phi/Nghi-dinh-49-2025-ND-CP-nguong-ap-dung-tam-hoan-xuat-canh-645059.aspx
497/QĐ-TTg	https://thuvienphapluat.vn/van-ban/Tien-te-Ngan-hang/Quyet-dinh-497-QD-TTg-ho-tro-lai-suat-von-vay-mua-may-moc-thiet-bi-vat-tu-phuc-vu-san-xuat-nong-nghiep-vat-lieu-xay-dung-nha-o-khu-vuc-nong-thon-87301.aspx
50/2010/QĐ-TTg	https://thuvienphapluat.vn/van-ban/Tien-te-Ngan-hang/Quyet-dinh-50-2010-QD-TTg-2co-che-xu-ly-no-bi-rui-ro-tai-Ngan-hang-Chinh-109420.aspx
50/2026/NĐ-CP	https://thuvienphapluat.vn/van-ban/Bat-dong-san/Nghi-dinh-50-2026-ND-CP-huong-dan-Nghi-quyet-254-2025-QH15-683793.aspx
509/QĐ-TTg	https://thuvienphapluat.vn/van-ban/Van-hoa-Xa-hoi/Quyet-dinh-509-Q%C3%90-TTg-2024-phe-duyet-Quy-hoach-he-thong-du-lich-thoi-ky-2021-2030-613477.aspx
51-TTg	https://thuvienphapluat.vn/van-ban/Doanh-nghiep/Quyet-dinh-51-TTg-quy-dinh-che-do-khau-hao-co-ban-tai-san-co-dinh-trong-doanh-nghiep-Nha-nuoc-39139.aspx
51/2024/QH15	https://thuvienphapluat.vn/van-ban/Bao-hiem/Luat-Bao-hiem-y-te-sua-doi-2024-505750.aspx
52-CP	https://thuvienphapluat.vn/van-ban/Thue-Phi-Le-Phi/Nghi-dinh-52-CP-dieu-chinh-muc-thue-mon-bai-40018.aspx
52/2014/QH13	https://thuvienphapluat.vn/van-ban/Quyen-dan-su/Luat-Hon-nhan-va-gia-dinh-2014-238640.aspx
52/2019/QH14	https://thuvienphapluat.vn/van-ban/Bo-may-hanh-chinh/Luat-can-bo-cong-chuc-va-luat-vien-chuc-sua-doi-2019-405729.aspx
52/2024/NĐ-CP	https://thuvienphapluat.vn/van-ban/Tien-te-Ngan-hang/Nghi-dinh-52-2024-ND-CP-thanh-toan-khong-dung-tien-mat-427855.aspx
52/2026/NĐ-CP	https://thuvienphapluat.vn/van-ban/Tai-chinh-nha-nuoc/Nghi-dinh-52-2026-ND-CP-quan-ly-su-dung-tai-san-tai-co-quan-Dang-Cong-san-Viet-Nam-693819.aspx
53/2006/NĐ-CP	https://thuvienphapluat.vn/van-ban/Doanh-nghiep/Nghi-dinh-53-2006-ND-CP-chinh-sach-khuyen-khich-phat-trien-co-so-cung-ung-dich-vu-ngoai-cong-lap-12126.aspx
53/2013/NĐ-CP	https://thuvienphapluat.vn/van-ban/Doanh-nghiep/Nghi-dinh-53-2013-ND-CP-hoat-dong-Cong-ty-Quan-ly-tai-san-to-chuc-tin-dung-188947.aspx
544/QĐ-TTg	https://thuvienphapluat.vn/van-ban/Tai-chinh-nha-nuoc/Quyet-dinh-544-QD-TTg-Chuong-trinh-quan-ly-no-trung-han-2016-2018-2017-346947.aspx
55-CP	https://thuvienphapluat.vn/van-ban/Doanh-nghiep/Nghi-dinh-55-CP-phe-chuan-Dieu-le-to-chuc-va-hoat-dong-Tong-cong-ty-det-may-Viet-Nam-39252.aspx
55/2015/NĐ-CP	https://thuvienphapluat.vn/van-ban/Tien-te-Ngan-hang/Nghi-dinh-55-2015-ND-CP-chinh-sach-tin-dung-phuc-vu-phat-trien-nong-nghiep-nong-thon-277254.aspx
55/2020/NĐ-CP	https://thuvienphapluat.vn/van-ban/Doanh-nghiep/Nghi-dinh-55-2020-ND-CP-huong-dan-Luat-Thi-hanh-an-hinh-su-thi-hanh-an-phap-nhan-thuong-mai-443525.aspx
559/QĐ-TTg	https://thuvienphapluat.vn/van-ban/Bo-may-hanh-chinh/Quyet-dinh-559-QD-TTg-De-an-don-gian-hoa-che-do-bao-cao-trong-hoat-dong-co-quan-hanh-chinh-2017-347108.aspx
56/2012/NĐ-CP	https://thuvienphapluat.vn/van-ban/Bo-may-hanh-chinh/Nghi-dinh-56-2012-ND-CP-quy-dinh-trach-nhiem-cua-Bo-nganh-143784.aspx
574/QĐ-TTg	https://thuvienphapluat.vn/van-ban/Cong-nghe-thong-tin/Quyet-dinh-574-QD-TTg-quy-che-tiep-nhan-xu-ly-tra-loi-phan-anh-kien-nghi-Cong-Thong-tin-dien-tu-2017-347650.aspx
58/2018/NĐ-CP	https://thuvienphapluat.vn/van-ban/Bao-hiem/Nghi-dinh-58-2018-ND-CP-bao-hiem-nong-nghiep-357548.aspx
58/2020/NĐ-CP	https://thuvienphapluat.vn/van-ban/Bao-hiem/Nghi-dinh-58-2020-ND-CP-dong-bao-hiem-xa-hoi-bat-buoc-vao-Quy-bao-hiem-tai-nan-lao-dong-nghe-nghiep-443731.aspx
58/2024/NĐ-CP	https://thuvienphapluat.vn/van-ban/Dau-tu/Nghi-dinh-58-2024-ND-CP-chinh-sach-dau-tu-trong-lam-nghiep-611308.aspx
58/2025/NĐ-CP	https://thuvienphapluat.vn/van-ban/Tai-nguyen-Moi-truong/Nghi-dinh-58-2025-ND-CP-huong-dan-Luat-Dien-luc-phat-trien-dien-nang-luong-tai-tao-dien-nang-luong-moi-636865.aspx
59/2016/NĐ-CP	https://thuvienphapluat.vn/van-ban/Linh-vuc-khac/Nghi-dinh-59-2016-ND-CP-Chung-minh-quan-nhan-chuyen-nghiep-cong-nhan-vien-chuc-quoc-phong-316134.aspx
59/2021/NĐ-CP	https://thuvienphapluat.vn/van-ban/Chung-khoan/Nghi-dinh-59-2021-ND-CP-quan-ly-tai-chinh-danh-gia-hoat-dong-So-Giao-dich-chung-khoan-Viet-Nam-478329.aspx
59/2024/QH15	https://thuvienphapluat.vn/van-ban/Bo-may-hanh-chinh/Luat-Tu-phap-nguoi-chua-thanh-nien-2024-so-59-2024-QH15-606865.aspx
60/2016/NĐ-CP	https://thuvienphapluat.vn/van-ban/Thuong-mai/Nghi-dinh-60-2016-ND-CP-quy-dinh-dieu-kien-dau-tu-kinh-doanh-linh-vuc-tai-nguyen-moi-truong-315467.aspx
60/2021/NĐ-CP	https://thuvienphapluat.vn/van-ban/Bo-may-hanh-chinh/Nghi-dinh-60-2021-ND-CP-co-che-tu-chu-tai-chinh-cua-don-vi-su-nghiep-cong-lap-478766.aspx
609/QĐ-TTg	https://thuvienphapluat.vn/van-ban/Tai-nguyen-Moi-truong/Quyet-dinh-609-QD-TTg-2026-Chuong-trinh-quoc-gia-ve-an-toan-trong-su-dung-dien-2026-2035-700224.aspx
61/2025/NĐ-CP	https://thuvienphapluat.vn/van-ban/Bo-may-hanh-chinh/Nghi-dinh-61-2025-ND-CP-huong-dan-Luat-Dien-luc-ve-giay-phep-hoat-dong-dien-luc-645625.aspx
613/QĐ-TTg	https://thuvienphapluat.vn/van-ban/Lao-dong-Tien-luong/Quyet-dinh-613-QD-TTg-tro-cap-hang-thang-cho-nhung-nguoi-co-tu-du-15-105135.aspx
62/2026/NĐ-CP	https://thuvienphapluat.vn/van-ban/Bo-may-hanh-chinh/Nghi-dinh-62-2026-ND-CP-sua-doi-Nghi-dinh-06-2005-ND-CP-lap-Van-phong-dai-dien-to-chuc-nuoc-ngoai-695174.aspx
626/2003/QĐ-TTg	https://thuvienphapluat.vn/van-ban/Dau-tu/Quyet-dinh-626-2003-QD-TTg-doi-chu-dau-tu-thuc-hien-dau-tu-xay-dung-mo-rong-Du-an-dau-tu-xay-dung-kinh-doanh-ket-cau-ha-tang-Khu-CN-Phu-Tai-Binh-Dinh-6591.aspx
63/2010/NĐ-CP	https://thuvienphapluat.vn/van-ban/Bo-may-hanh-chinh/Nghi-dinh-63-2010-ND-CP-kiem-soat-thu-tuc-hanh-chinh-106929.aspx
64/2007/NĐ-CP	https://thuvienphapluat.vn/van-ban/Cong-nghe-thong-tin/Nghi-dinh-64-2007-ND-CP-ung-dung-cong-nghe-thong-tin-trong-co-quan-Nha-nuoc-18234.aspx
64/2020/NĐ-CP	https://thuvienphapluat.vn/van-ban/Xuat-nhap-khau/Nghi-dinh-64-2020-ND-CP-huong-dan-viec-thuc-hien-co-che-tam-quan-theo-Cong-uoc-Istanbul-444935.aspx
65-CP	https://thuvienphapluat.vn/van-ban/Tai-nguyen-Moi-truong/Nghi-dinh-65-CP-quy-che-quan-ly-cac-hoat-dong-trong-llinh-vuc-da-quy-39394.aspx
67/2011/NĐ-CP	https://thuvienphapluat.vn/van-ban/Thue-Phi-Le-Phi/Nghi-dinh-67-2011-ND-CP-huong-dan-Luat-Thue-bao-ve-moi-truong-127574.aspx
67/2013/NĐ-CP	https://thuvienphapluat.vn/van-ban/Thuong-mai/Nghi-dinh-67-2013-ND-CP-huong-dan-kinh-doanh-thuoc-la-196542.aspx
67/2023/NĐ-CP	https://thuvienphapluat.vn/van-ban/Bao-hiem/Nghi-dinh-67-2023-ND-CP-bao-hiem-bat-buoc-trach-nhiem-dan-su-cua-chu-xe-co-gioi-578283.aspx
67/2026/NĐ-CP	https://thuvienphapluat.vn/van-ban/Dau-tu/Nghi-dinh-67-2026-ND-CP-thiet-ke-ky-thuat-tong-the-du-an-dau-tu-xay-dung-tuyen-duong-sat-quoc-gia-696499.aspx
68/2013/QĐ-TTg	https://thuvienphapluat.vn/van-ban/Tai-chinh-nha-nuoc/Quyet-dinh-68-2013-QD-TTg-chinh-sach-ho-tro-giam-ton-that-nong-nghiep-213484.aspx
68/2016/NĐ-CP	https://thuvienphapluat.vn/van-ban/Thuong-mai/Nghi-dinh-68-2016-ND-CP-thu-tuc-thanh-lap-cua-hang-mien-thue-kho-bai-dia-diem-lam-thu-tuc-hai-quan-315475.aspx
68/2018/NĐ-CP	https://thuvienphapluat.vn/van-ban/Thu-tuc-To-tung/Nghi-dinh-68-2018-ND-CP-huong-dan-Luat-Trach-nhiem-boi-thuong-cua-Nha-nuoc-368094.aspx
68/2025/NĐ-CP	https://thuvienphapluat.vn/van-ban/Vi-pham-hanh-chinh/Nghi-dinh-68-2025-ND-CP-sua-doi-Nghi-dinh-118-2021-ND-CP-huong-dan-Luat-Xu-ly-vi-pham-hanh-chinh-648513.aspx
69/2009/QĐ-TTg	https://thuvienphapluat.vn/van-ban/Doanh-nghiep/Quyet-dinh-69-2009-QD-TTg-thanh-lap-ban-hanh-quy-che-hoat-dong-khu-kinh-te-Dinh-An-tinh-Tra-Vinh-87632.aspx
69/2020/QH14	https://thuvienphapluat.vn/van-ban/Lao-dong-Tien-luong/Luat-69-2020-QH14-Nguoi-lao-dong-Viet-Nam-lam-viec-o-nuoc-ngoai-theo-hop-dong-2020-439844.aspx
71/2014/NĐ-CP	https://thuvienphapluat.vn/van-ban/Doanh-nghiep/Nghi-dinh-71-2014-ND-CP-huong-dan-Luat-Canh-tranh-xu-ly-vi-pham-phap-luat-linh-vuc-canh-tranh-240624.aspx
71/2016/NĐ-CP	https://thuvienphapluat.vn/van-ban/Vi-pham-hanh-chinh/Nghi-dinh-71-2016-ND-CP-trinh-tu-thu-tuc-thi-hanh-an-hanh-chinh-xu-ly-trach-nhiem-nguoi-khong-thi-hanh-316446.aspx
72/2010/QĐ-TTg	https://thuvienphapluat.vn/van-ban/Thuong-mai/Quyet-dinh-72-2010-QD-TTg-Quy-che-xay-dung-quan-ly-thuc-hien-Chuong-trinh-114740.aspx
74/2017/NĐ-CP	https://thuvienphapluat.vn/van-ban/Tai-chinh-nha-nuoc/Nghi-dinh-74-2017-ND-CP-quy-dinh-co-che-chinh-sach-dac-thu-doi-voi-Khu-Cong-nghe-cao-Hoa-Lac-352516.aspxx
74/2026/NĐ-CP	https://thuvienphapluat.vn/van-ban/Tai-chinh-nha-nuoc/Nghi-dinh-74-2026-ND-CP-quan-ly-su-dung-va-khai-thac-tai-san-ket-cau-ha-tang-thuy-loi-697543.aspx
75/2019/NĐ-CP	https://thuvienphapluat.vn/van-ban/Thuong-mai/Nghi-dinh-75-2019-ND-CP-quy-dinh-ve-xu-phat-vi-pham-hanh-chinh-trong-linh-vuc-canh-tranh-425023.aspx
75/2025/QH15	https://thuvienphapluat.vn/van-ban/Thuong-mai/Luat-Quang-cao-sua-doi-2025-so-75-2025-QH15-555035.aspx
76-HĐBT	https://thuvienphapluat.vn/van-ban/Doanh-nghiep/Quyet-dinh-76-HDBT-bao-dam-quyen-tu-chu-san-xuat-kinh-doanh-cac-don-vi-kinh-te-co-so-37118.aspx
76/2018/NĐ-CP	https://thuvienphapluat.vn/van-ban/Cong-nghe-thong-tin/Nghi-dinh-76-2018-ND-CP-huong-dan-Luat-Chuyen-giao-cong-nghe-380225.aspx
77/2016/NĐ-CP	https://thuvienphapluat.vn/van-ban/Thuong-mai/Nghi-dinh-77-2016-ND-CP-sua-doi-dieu-kien-dau-tu-kinh-doanh-mua-ban-hang-hoa-quoc-te-hoa-chat-317225.aspx
77/2019/NĐ-CP	https://thuvienphapluat.vn/van-ban/Doanh-nghiep/Nghi-dinh-77-2019-ND-CP-ve-to-hop-tac-348843.aspx
77/2025/NĐ-CP	https://thuvienphapluat.vn/van-ban/Tai-chinh-nha-nuoc/Nghi-dinh-77-2025-ND-CP-thu-tuc-xac-lap-quyen-so-huu-toan-dan-ve-tai-san-633117.aspx
78/2025/QH15	https://thuvienphapluat.vn/van-ban/Thuong-mai/Luat-Chat-luong-san-pham-hang-hoa-sua-doi-2025-so-78-2025-QH15-623226.aspx
79/2008/QĐ-TTg	https://thuvienphapluat.vn/van-ban/Doanh-nghiep/Quyet-dinh-79-2008-QD-TTg-thanh-lap-va-ban-hanh-quy-che-hoat-dong-cua-Khu-kinh-te-Hon-La-tinh-Quang-Binh-66926.aspx
802-TTg	https://thuvienphapluat.vn/van-ban/Thuong-mai/Quyet-dinh-802-1997-QD-TTg-xu-ly-ton-tai-mo-thu-tin-dung-41006.aspx
81/2015/QH13	https://thuvienphapluat.vn/van-ban/Ke-toan-Kiem-toan/Luat-kiem-toan-nha-nuoc-2015-282381.aspx
82/2020/NĐ-CP	https://thuvienphapluat.vn/van-ban/Doanh-nghiep/Nghi-dinh-82-2020-ND-CP-xu-phat-hanh-chinh-linh-vuc-hon-nhan-thi-hanh-an-pha-san-doanh-nghiep-392611.aspx
83/2014/NĐ-CP	https://thuvienphapluat.vn/van-ban/Thuong-mai/Nghi-dinh-83-2014-ND-CP-kinh-doanh-xang-dau-248283.aspx
83/2018/NĐ-CP	https://thuvienphapluat.vn/van-ban/Linh-vuc-khac/Nghi-dinh-83-2018-ND-CP-hoat-dong-khuyen-nong-382798.aspx
84/2016/NĐ-CP	https://thuvienphapluat.vn/van-ban/Chung-khoan/Nghi-dinh-84-2016-ND-CP-tieu-chuan-dieu-kien-kiem-toan-vien-to-chuc-kiem-toan-don-vi-co-loi-ich-cong-chung-317347.aspx
841/QĐ-TTg	https://thuvienphapluat.vn/van-ban/Bo-may-hanh-chinh/Quyet-dinh-841-QD-TTg-2023-Lo-trinh-thuc-hien-cac-muc-tieu-phat-trien-ben-vung-Viet-Nam-den-2030-572610.aspx
85/2023/NĐ-CP	https://thuvienphapluat.vn/van-ban/Bo-may-hanh-chinh/Nghi-dinh-85-2023-ND-CP-sua-doi-Nghi-dinh-115-2020-ND-CP-tuyen-dung-su-dung-va-quan-ly-vien-chuc-590467.aspx
86/2018/NĐ-CP	https://thuvienphapluat.vn/van-ban/Dau-tu/Nghi-dinh-86-2018-ND-CP-quy-dinh-ve-hop-tac-dau-tu-cua-nuoc-ngoai-trong-linh-vuc-giao-duc-337783.aspx
86/2024/NĐ-CP	https://thuvienphapluat.vn/van-ban/Tien-te-Ngan-hang/Nghi-dinh-86-2024-ND-CP-phuong-phap-trich-lap-du-phong-rui-ro-cua-to-chuc-tin-dung-616538.aspx
87/2009/NĐ-CP	https://thuvienphapluat.vn/van-ban/Doanh-nghiep/Nghi-dinh-87-2009-ND-CP-van-tai-da-phuong-thuc-96326.aspx
88/2001/QĐ-TTg	https://thuvienphapluat.vn/van-ban/Lao-dong-Tien-luong/Quyet-dinh-88-2001-QD-TTg-che-do-tien-luong-phu-cap-can-bo-vien-chuc-Bao-hiem-tien-gui-Viet-Nam-47797.aspx
91-TTg	https://thuvienphapluat.vn/van-ban/Doanh-nghiep/Quyet-dinh-91-TTg-thi-diem-thanh-lap-tap-doan-kinh-doanh-38742.aspx
91/2022/NĐ-CP	https://thuvienphapluat.vn/van-ban/Thue-Phi-Le-Phi/Nghi-dinh-91-2022-ND-CP-sua-doi-Nghi-dinh-126-2020-ND-CP-huong-dan-Luat-Quan-ly-thue-516302.aspx
91/2024/NĐ-CP	https://thuvienphapluat.vn/van-ban/Tai-nguyen-Moi-truong/Nghi-dinh-91-2024-ND-CP-sua-doi-Nghi-dinh-156-2018-ND-CP-huong-dan-Luat-Lam-nghiep-617947.aspx
91/2025/QH15	https://thuvienphapluat.vn/van-ban/Bo-may-hanh-chinh/Luat-Bao-ve-du-lieu-ca-nhan-2025-so-91-2025-QH15-625628.aspx
92/2015/QH13	https://thuvienphapluat.vn/van-ban/Thu-tuc-To-tung/Bo-luat-to-tung-dan-su-2015-296861.aspx
92/2018/NĐ-CP	https://thuvienphapluat.vn/van-ban/Tai-chinh-nha-nuoc/Nghi-dinh-92-2018-ND-CP-quan-ly-va-su-dung-Quy-Tich-luy-tra-no-369629.aspx
93/2015/QH13	https://thuvienphapluat.vn/van-ban/Bao-hiem/Nghi-quyet-93-2015-QH13-thuc-hien-chinh-sach-huong-bao-hiem-xa-hoi-mot-lan-doi-voi-nguoi-lao-dong-282360.aspx
95/1998/QĐ-TTg	https://thuvienphapluat.vn/van-ban/Tai-chinh-nha-nuoc/Quyet-dinh-95-1998-QD-TTg-xu-ly-thanh-toan-no-giai-doan-II-41691.aspx
95/2015/QH13	https://thuvienphapluat.vn/van-ban/Giao-thong-Van-tai/Bo-luat-hang-hai-Viet-Nam-2015-298374.aspx
95/2016/NĐ-CP	https://thuvienphapluat.vn/van-ban/Vi-pham-hanh-chinh/Nghi-dinh-95-2016-ND-CP-xu-phat-vi-pham-hanh-chinh-linh-vuc-thong-ke-313518.aspx
95/2024/NĐ-CP	https://thuvienphapluat.vn/van-ban/Bo-may-hanh-chinh/Nghi-dinh-95-2024-ND-CP-huong-dan-Luat-Nha-o-618897.aspx
95/2025/NĐ-CP	https://thuvienphapluat.vn/van-ban/Tien-te-Ngan-hang/Nghi-dinh-95-2025-ND-CP-to-chuc-va-hoat-dong-cua-Ngan-hang-Phat-trien-Viet-Nam-655157.aspx
96/2016/NĐ-CP	https://thuvienphapluat.vn/van-ban/Thuong-mai/Nghi-dinh-96-2016-ND-CP-hoat-dong-kinh-doanh-nganh-nghe-dau-tu-kinh-doanh-dieu-kien-an-ninh-trat-tu-315469.aspx
96/2023/NĐ-CP	https://thuvienphapluat.vn/van-ban/The-thao-Y-te/Nghi-dinh-96-2023-ND-CP-huong-dan-Luat-Kham-benh-chua-benh-583328.aspx
97/2022/NĐ-CP	https://thuvienphapluat.vn/van-ban/Doanh-nghiep/Nghi-dinh-97-2022-ND-CP-chinh-sach-nguoi-lao-dong-doi-du-chuyen-doi-so-huu-cong-ty-mot-thanh-vien-541977.aspx
98/2011/NĐ-CP	https://thuvienphapluat.vn/van-ban/Linh-vuc-khac/Nghi-dinh-98-2011-ND-CP-sua-doi-Nghi-dinh-nong-nghiep-131014.aspx
98/2013/NĐ-CP	https://thuvienphapluat.vn/van-ban/Thuong-mai/Nghi-dinh-98-2013-ND-CP-xu-phat-vi-pham-hanh-chinh-linh-vuc-kinh-doanh-bao-hiem-xo-so-205523.aspx
98/2014/NĐ-CP	https://thuvienphapluat.vn/van-ban/Doanh-nghiep/Nghi-dinh-98-2014-ND-CP-thanh-lap-to-chuc-chinh-tri-xa-hoi-doanh-nghiep-thuoc-moi-thanh-phan-kinh-te-254530.aspx
98/2018/NĐ-CP	https://thuvienphapluat.vn/van-ban/Thuong-mai/Nghi-dinh-98-2018-ND-CP-chinh-sach-khuyen-khich-phat-trien-hop-tac-san-xuat-san-pham-nong-nghiep-387110.aspx
98/2021/NĐ-CP	https://thuvienphapluat.vn/van-ban/The-thao-Y-te/Nghi-dinh-98-2021-ND-CP-quan-ly-trang-thiet-bi-y-te-493940.aspx
98/2025/NĐ-CP	https://thuvienphapluat.vn/van-ban/Tai-chinh-nha-nuoc/Nghi-dinh-98-2025-ND-CP-lap-du-toan-chi-thuong-xuyen-ngan-sach-nha-nuoc-mua-sam-trang-thiet-bi-655858.aspx
99/2006/NĐ-CP	https://thuvienphapluat.vn/van-ban/Bo-may-hanh-chinh/Nghi-dinh-99-2006-ND-CP-cong-tac-kiem-tra-viec-thuc-hien-chinh-sach-chien-luoc-quy-hoach-ke-hoach-14199.aspx
99/2016/NĐ-CP	https://thuvienphapluat.vn/van-ban/Bo-may-hanh-chinh/Nghi-dinh-99-2016-ND-CP-quan-ly-su-dung-con-dau-315468.aspx
99/2020/NĐ-CP	https://thuvienphapluat.vn/van-ban/Vi-pham-hanh-chinh/Nghi-dinh-99-2020-ND-CP-quy-dinh-ve-xu-phat-vi-pham-hanh-chinh-linh-vuc-dau-khi-316351.aspx
99/2022/NĐ-CP	https://thuvienphapluat.vn/van-ban/Quyen-dan-su/Nghi-dinh-99-2022-ND-CP-dang-ky-bien-phap-bao-dam-542323.aspx
50/2005/QH11	https://thuvienphapluat.vn/van-ban/So-huu-tri-tue/Luat-So-huu-tri-tue-2005-50-2005-QH11-7022.aspx
129/2020/NĐ-CP	https://thuvienphapluat.vn/van-ban/Doanh-nghiep/Nghi-dinh-129-2020-ND-CP-chuc-nang-nhiem-vu-va-co-che-hoat-dong-cua-Cong-ty-Mua-ban-no-Viet-Nam-456246.aspx
147/2020/NĐ-CP	https://thuvienphapluat.vn/van-ban/tai-chinh-nha-nuoc/nghi-dinh-147-2020-nd-cp-quy-dinh-to-chuc-va-hoat-dong-cua-quy-dau-tu-phat-trien-dia-phuong-459854.aspx224/2006/QĐ-TTg	https://thuvienphapluat.vn/van-ban/Doanh-nghiep/Quyet-dinh-224-2006-QD-TTg-quy-che-giam-sat-danh-gia-hieu-qua-hoat-dong-doanh-nghiep-nha-nuoc-14627.aspx
125/2006/QĐ-TTg	https://thuvienphapluat.vn/van-ban/Doanh-nghiep/Quyet-dinh-125-2006-QD-TTg-dieu-le-to-chuc-hoat-dong-tong-cong-ty-luong-thuc-Mien-Nam-mo-hinh-Cong-ty-me-con-12715.aspx
216/2003/QĐ-TTg	https://thuvienphapluat.vn/van-ban/Doanh-nghiep/Quyet-dinh-216-2003-QD-TTg-Dieu-le-To-chuc-hoat-dong-Tong-cong-ty-Duong-sat-Viet-Nam-51487.aspx
36/2022/NĐ-CP	https://thuvienphapluat.vn/van-ban/Tien-te-Ngan-hang/Nghi-dinh-36-2022-ND-CP-ho-tro-lai-suat-vay-nguon-von-theo-43-2022-QH15-515087.aspx
139/NQ-CP	https://thuvienphapluat.vn/van-ban/Thuong-mai/Nghi-quyet-139-NQ-CP-2025-Ke-hoach-trien-khai-Nghi-quyet-198-2025-QH15-657218.aspx
86/2021/TT-BTC	https://thuvienphapluat.vn/van-ban/Dau-tu/Thong-tu-86-2021-TT-BTC-huong-dan-Nghi-dinh-147-2020-ND-CP-490568.aspx
131/QĐ-TTg	https://thuvienphapluat.vn/van-ban/Giao-duc/Quyet-dinh-131-QD-TTg-2026-Ke-hoach-trien-khai-thi-hanh-Nghi-quyet-248-2025-QH15-690258.aspx
129/2026/NĐ-CP	https://thuvienphapluat.vn/van-ban/Tai-chinh-nha-nuoc/Nghi-dinh-129-2026-ND-CP-quan-ly-su-dung-ngan-sach-Nha-nuoc-mot-so-hoat-dong-doi-ngoai-700619.aspx